id,threads,stall_cyc,vec_ops,cyc,source,n
gemm.openmp0ltm8akbmgipivco,1,2868088,16875528,21355167,gemm.openmp.c,256
gemm.openmp0ltm8akbmgipivco,1,3164043,16875528,21182699,gemm.openmp.c,256
gemm.openmp0ltm8akbmgipivco,1,2629147,16875528,21363734,gemm.openmp.c,256
gemm.openmp0ltm8akbmgipivco,1,2703634,16875528,21279585,gemm.openmp.c,256
gemm.openmp0ltm8akbmgipivco,1,3230418,16875528,20982541,gemm.openmp.c,256
gemm.openmp0ltm8akbmgipivco,1,3127292,16875528,21246712,gemm.openmp.c,256
gemm.openmp0ltm8akbmgipivco,1,2838712,16875528,21286296,gemm.openmp.c,256
gemm.openmp0ltm8akbmgipivco,1,2631681,16875528,21280539,gemm.openmp.c,256
gemm.openmp0ltm8akbmgipivco,1,3266011,16875528,21243441,gemm.openmp.c,256
gemm.openmp0ltm8akbmgipivco,1,3409952,16875528,21746079,gemm.openmp.c,256
gemm.openmp0ltm8akbmgipivco,1,2876226,16875528,21688967,gemm.openmp.c,256
gemm.openmp0ltm8akbmgipivco,1,3309455,16875528,21543574,gemm.openmp.c,256
gemm.openmp0ltm8akbmgipivco,1,2559801,16875528,21171281,gemm.openmp.c,256
gemm.openmp0ltm8akbmgipivco,1,3203635,16875528,21198489,gemm.openmp.c,256
gemm.openmp0ltm8akbmgipivco,1,3170604,16875528,21554408,gemm.openmp.c,256
gemm.openmp0ltm8akbmgipivco,1,2621904,16875528,21251277,gemm.openmp.c,256
gemm.openmp0ltm8akbmgipivco,1,3138852,16875528,21217476,gemm.openmp.c,256
gemm.openmp0ltm8akbmgipivco,1,2653201,16875528,21268995,gemm.openmp.c,256
gemm.openmp0ltm8akbmgipivco,1,3119640,16875528,21540980,gemm.openmp.c,256
gemm.openmp0ltm8akbmgipivco,1,2719041,16875528,21338028,gemm.openmp.c,256
gemm.openmp0ltm8akbmgipivco,2,1759952,8437768,10623490,gemm.openmp.c,256
gemm.openmp0ltm8akbmgipivco,2,1351204,8437768,10654544,gemm.openmp.c,256
gemm.openmp0ltm8akbmgipivco,2,1616019,8437768,10800051,gemm.openmp.c,256
gemm.openmp0ltm8akbmgipivco,2,1636025,8437768,10823159,gemm.openmp.c,256
gemm.openmp0ltm8akbmgipivco,2,1318711,8437768,10627339,gemm.openmp.c,256
gemm.openmp0ltm8akbmgipivco,2,1298189,8437768,10591889,gemm.openmp.c,256
gemm.openmp0ltm8akbmgipivco,2,1366168,8437768,10601528,gemm.openmp.c,256
gemm.openmp0ltm8akbmgipivco,2,1303440,8437768,10627285,gemm.openmp.c,256
gemm.openmp0ltm8akbmgipivco,2,1613342,8437768,10795390,gemm.openmp.c,256
gemm.openmp0ltm8akbmgipivco,2,1338529,8437768,10670414,gemm.openmp.c,256
gemm.openmp0ltm8akbmgipivco,2,1673464,8437768,10862594,gemm.openmp.c,256
gemm.openmp0ltm8akbmgipivco,2,1594235,8437768,11031424,gemm.openmp.c,256
gemm.openmp0ltm8akbmgipivco,2,1204341,8437768,10546866,gemm.openmp.c,256
gemm.openmp0ltm8akbmgipivco,2,1333736,8437768,10579657,gemm.openmp.c,256
gemm.openmp0ltm8akbmgipivco,2,1450399,8437768,10673321,gemm.openmp.c,256
gemm.openmp0ltm8akbmgipivco,2,1623442,8437768,10754060,gemm.openmp.c,256
gemm.openmp0ltm8akbmgipivco,2,1434283,8437768,10713199,gemm.openmp.c,256
gemm.openmp0ltm8akbmgipivco,2,1617053,8437768,10600480,gemm.openmp.c,256
gemm.openmp0ltm8akbmgipivco,2,1254053,8437768,10577124,gemm.openmp.c,256
gemm.openmp0ltm8akbmgipivco,2,1620743,8437768,10798173,gemm.openmp.c,256
gemm.openmp0ltm8akbmgipivco,3,1127980,5669128,7250217,gemm.openmp.c,256
gemm.openmp0ltm8akbmgipivco,3,1066168,5669128,7240508,gemm.openmp.c,256
gemm.openmp0ltm8akbmgipivco,3,1147645,5669128,7307805,gemm.openmp.c,256
gemm.openmp0ltm8akbmgipivco,3,1095589,5669128,7166590,gemm.openmp.c,256
gemm.openmp0ltm8akbmgipivco,3,1096303,5669128,7337005,gemm.openmp.c,256
gemm.openmp0ltm8akbmgipivco,3,1087653,5669128,7302839,gemm.openmp.c,256
gemm.openmp0ltm8akbmgipivco,3,883640,5669128,7255973,gemm.openmp.c,256
gemm.openmp0ltm8akbmgipivco,3,1117735,5669128,7282300,gemm.openmp.c,256
gemm.openmp0ltm8akbmgipivco,3,1105895,5669128,7322590,gemm.openmp.c,256
gemm.openmp0ltm8akbmgipivco,3,1114142,5669128,7247872,gemm.openmp.c,256
gemm.openmp0ltm8akbmgipivco,3,974288,5669128,7213879,gemm.openmp.c,256
gemm.openmp0ltm8akbmgipivco,3,899204,5669128,7185183,gemm.openmp.c,256
gemm.openmp0ltm8akbmgipivco,3,853869,5669128,7147205,gemm.openmp.c,256
gemm.openmp0ltm8akbmgipivco,3,962197,5669128,7144063,gemm.openmp.c,256
gemm.openmp0ltm8akbmgipivco,3,860529,5669128,7185712,gemm.openmp.c,256
gemm.openmp0ltm8akbmgipivco,3,860768,5669128,7149870,gemm.openmp.c,256
gemm.openmp0ltm8akbmgipivco,3,930124,5669128,7130703,gemm.openmp.c,256
gemm.openmp0ltm8akbmgipivco,3,988554,5669128,7216548,gemm.openmp.c,256
gemm.openmp0ltm8akbmgipivco,3,984786,5669128,7212448,gemm.openmp.c,256
gemm.openmp0ltm8akbmgipivco,3,978467,5669128,7172475,gemm.openmp.c,256
gemm.openmp0ltm8akbmgipivco,4,792182,4218888,5516607,gemm.openmp.c,256
gemm.openmp0ltm8akbmgipivco,4,936833,4218888,5571156,gemm.openmp.c,256
gemm.openmp0ltm8akbmgipivco,4,920916,4218888,5521986,gemm.openmp.c,256
gemm.openmp0ltm8akbmgipivco,4,925186,4218888,5468191,gemm.openmp.c,256
gemm.openmp0ltm8akbmgipivco,4,925293,4218888,5526637,gemm.openmp.c,256
gemm.openmp0ltm8akbmgipivco,4,892244,4218888,5513538,gemm.openmp.c,256
gemm.openmp0ltm8akbmgipivco,4,778731,4218888,5485473,gemm.openmp.c,256
gemm.openmp0ltm8akbmgipivco,4,816662,4218888,5441903,gemm.openmp.c,256
gemm.openmp0ltm8akbmgipivco,4,857068,4218888,5475192,gemm.openmp.c,256
gemm.openmp0ltm8akbmgipivco,4,793876,4218888,5416198,gemm.openmp.c,256
gemm.openmp0ltm8akbmgipivco,4,835684,4218888,5441745,gemm.openmp.c,256
gemm.openmp0ltm8akbmgipivco,4,1212117,4218888,7933954,gemm.openmp.c,256
gemm.openmp0ltm8akbmgipivco,4,983512,4218888,5434641,gemm.openmp.c,256
gemm.openmp0ltm8akbmgipivco,4,860191,4218888,5438838,gemm.openmp.c,256
gemm.openmp0ltm8akbmgipivco,4,864959,4218888,5501907,gemm.openmp.c,256
gemm.openmp0ltm8akbmgipivco,4,826078,4218888,5415169,gemm.openmp.c,256
gemm.openmp0ltm8akbmgipivco,4,688360,4218888,5375706,gemm.openmp.c,256
gemm.openmp0ltm8akbmgipivco,4,758624,4218888,5433039,gemm.openmp.c,256
gemm.openmp0ltm8akbmgipivco,4,749036,4218888,5492064,gemm.openmp.c,256
gemm.openmp0ltm8akbmgipivco,4,914973,4218888,5523401,gemm.openmp.c,256
gemm.openmp0ltm8akbmgipivco,5,675822,3427848,4478940,gemm.openmp.c,256
gemm.openmp0ltm8akbmgipivco,5,770328,3427848,4520366,gemm.openmp.c,256
gemm.openmp0ltm8akbmgipivco,5,645255,3427848,4421572,gemm.openmp.c,256
gemm.openmp0ltm8akbmgipivco,5,751647,3427848,4531661,gemm.openmp.c,256
gemm.openmp0ltm8akbmgipivco,5,729334,3427848,4482560,gemm.openmp.c,256
gemm.openmp0ltm8akbmgipivco,5,788054,3427848,4530062,gemm.openmp.c,256
gemm.openmp0ltm8akbmgipivco,5,732104,3427848,4486708,gemm.openmp.c,256
gemm.openmp0ltm8akbmgipivco,5,799460,3427848,4532354,gemm.openmp.c,256
gemm.openmp0ltm8akbmgipivco,5,728038,3427848,4401632,gemm.openmp.c,256
gemm.openmp0ltm8akbmgipivco,5,796917,3427848,4539765,gemm.openmp.c,256
gemm.openmp0ltm8akbmgipivco,5,762320,3427848,4514527,gemm.openmp.c,256
gemm.openmp0ltm8akbmgipivco,5,765100,3427848,4511504,gemm.openmp.c,256
gemm.openmp0ltm8akbmgipivco,5,705404,3427848,4454037,gemm.openmp.c,256
gemm.openmp0ltm8akbmgipivco,5,706912,3427848,4476063,gemm.openmp.c,256
gemm.openmp0ltm8akbmgipivco,5,723437,3427848,4457993,gemm.openmp.c,256
gemm.openmp0ltm8akbmgipivco,5,615760,3427848,4404860,gemm.openmp.c,256
gemm.openmp0ltm8akbmgipivco,5,786033,3427848,4511869,gemm.openmp.c,256
gemm.openmp0ltm8akbmgipivco,5,650102,3427848,4449552,gemm.openmp.c,256
gemm.openmp0ltm8akbmgipivco,5,769881,3427848,4500606,gemm.openmp.c,256
gemm.openmp0ltm8akbmgipivco,5,703177,3427848,4443768,gemm.openmp.c,256
gemm.openmp0ltm8akbmgipivco,6,619499,2834568,3731351,gemm.openmp.c,256
gemm.openmp0ltm8akbmgipivco,6,503235,2834568,3665502,gemm.openmp.c,256
gemm.openmp0ltm8akbmgipivco,6,543329,2834568,3675934,gemm.openmp.c,256
gemm.openmp0ltm8akbmgipivco,6,549868,2834568,3673831,gemm.openmp.c,256
gemm.openmp0ltm8akbmgipivco,6,590540,2834568,3673944,gemm.openmp.c,256
gemm.openmp0ltm8akbmgipivco,6,638158,2834568,3719756,gemm.openmp.c,256
gemm.openmp0ltm8akbmgipivco,6,570390,2834568,3727254,gemm.openmp.c,256
gemm.openmp0ltm8akbmgipivco,6,600955,2834568,5903194,gemm.openmp.c,256
gemm.openmp0ltm8akbmgipivco,6,504501,2834568,3663618,gemm.openmp.c,256
gemm.openmp0ltm8akbmgipivco,6,605002,2834568,3699678,gemm.openmp.c,256
gemm.openmp0ltm8akbmgipivco,6,605826,2834568,3696313,gemm.openmp.c,256
gemm.openmp0ltm8akbmgipivco,6,594095,2834568,3710083,gemm.openmp.c,256
gemm.openmp0ltm8akbmgipivco,6,567645,2834568,3680019,gemm.openmp.c,256
gemm.openmp0ltm8akbmgipivco,6,584328,2834568,3703822,gemm.openmp.c,256
gemm.openmp0ltm8akbmgipivco,6,592373,2834568,3682864,gemm.openmp.c,256
gemm.openmp0ltm8akbmgipivco,6,582847,2834568,3686244,gemm.openmp.c,256
gemm.openmp0ltm8akbmgipivco,6,552144,2834568,3669211,gemm.openmp.c,256
gemm.openmp0ltm8akbmgipivco,6,593457,2834568,3694761,gemm.openmp.c,256
gemm.openmp0ltm8akbmgipivco,6,547062,2834568,3655617,gemm.openmp.c,256
gemm.openmp0ltm8akbmgipivco,6,620996,2834568,3722517,gemm.openmp.c,256
gemm.openmp0ltm8akbmgipivco,7,490378,2439048,3169315,gemm.openmp.c,256
gemm.openmp0ltm8akbmgipivco,7,467188,2439048,3201760,gemm.openmp.c,256
gemm.openmp0ltm8akbmgipivco,7,458714,2439048,3144455,gemm.openmp.c,256
gemm.openmp0ltm8akbmgipivco,7,472775,2439048,3191262,gemm.openmp.c,256
gemm.openmp0ltm8akbmgipivco,7,477049,2439048,3164957,gemm.openmp.c,256
gemm.openmp0ltm8akbmgipivco,7,475879,2439048,3196225,gemm.openmp.c,256
gemm.openmp0ltm8akbmgipivco,7,472742,2439048,3161909,gemm.openmp.c,256
gemm.openmp0ltm8akbmgipivco,7,459058,2439048,3204127,gemm.openmp.c,256
gemm.openmp0ltm8akbmgipivco,7,500989,2439048,3177009,gemm.openmp.c,256
gemm.openmp0ltm8akbmgipivco,7,504758,2439048,3178220,gemm.openmp.c,256
gemm.openmp0ltm8akbmgipivco,7,461218,2439048,3190199,gemm.openmp.c,256
gemm.openmp0ltm8akbmgipivco,7,487648,2439048,3202685,gemm.openmp.c,256
gemm.openmp0ltm8akbmgipivco,7,487529,2439048,3202584,gemm.openmp.c,256
gemm.openmp0ltm8akbmgipivco,7,527612,2439048,3180544,gemm.openmp.c,256
gemm.openmp0ltm8akbmgipivco,7,494857,2439048,3184602,gemm.openmp.c,256
gemm.openmp0ltm8akbmgipivco,7,519600,2439048,3196563,gemm.openmp.c,256
gemm.openmp0ltm8akbmgipivco,7,509093,2439048,3176092,gemm.openmp.c,256
gemm.openmp0ltm8akbmgipivco,7,484909,2439048,3207123,gemm.openmp.c,256
gemm.openmp0ltm8akbmgipivco,7,514246,2439048,3187274,gemm.openmp.c,256
gemm.openmp0ltm8akbmgipivco,7,500324,2439048,3189977,gemm.openmp.c,256
gemm.openmp0ltm8akbmgipivco,8,436809,2109448,2819723,gemm.openmp.c,256
gemm.openmp0ltm8akbmgipivco,8,389371,2109448,2786075,gemm.openmp.c,256
gemm.openmp0ltm8akbmgipivco,8,443981,2109448,2771896,gemm.openmp.c,256
gemm.openmp0ltm8akbmgipivco,8,427533,2109448,2824064,gemm.openmp.c,256
gemm.openmp0ltm8akbmgipivco,8,403275,2109448,2808800,gemm.openmp.c,256
gemm.openmp0ltm8akbmgipivco,8,430534,2109448,2793129,gemm.openmp.c,256
gemm.openmp0ltm8akbmgipivco,8,399695,2109448,2811792,gemm.openmp.c,256
gemm.openmp0ltm8akbmgipivco,8,422275,2109448,2808692,gemm.openmp.c,256
gemm.openmp0ltm8akbmgipivco,8,409602,2109448,2789128,gemm.openmp.c,256
gemm.openmp0ltm8akbmgipivco,8,414756,2109448,2798843,gemm.openmp.c,256
gemm.openmp0ltm8akbmgipivco,8,401629,2109448,2789763,gemm.openmp.c,256
gemm.openmp0ltm8akbmgipivco,8,406244,2109448,2801217,gemm.openmp.c,256
gemm.openmp0ltm8akbmgipivco,8,429207,2109448,2857900,gemm.openmp.c,256
gemm.openmp0ltm8akbmgipivco,8,425745,2109448,2820319,gemm.openmp.c,256
gemm.openmp0ltm8akbmgipivco,8,437539,2109448,2814860,gemm.openmp.c,256
gemm.openmp0ltm8akbmgipivco,8,393787,2109448,2798675,gemm.openmp.c,256
gemm.openmp0ltm8akbmgipivco,8,414393,2109448,2801268,gemm.openmp.c,256
gemm.openmp0ltm8akbmgipivco,8,362081,2109448,2787139,gemm.openmp.c,256
gemm.openmp0ltm8akbmgipivco,8,434904,2109448,2796304,gemm.openmp.c,256
gemm.openmp0ltm8akbmgipivco,8,403148,2109448,2816107,gemm.openmp.c,256
gemm.openmp38y2dj74sk8jwm8f,1,177602427,1075314696,1276908162,gemm.openmp.c,1024
gemm.openmp38y2dj74sk8jwm8f,1,183481036,1075314696,1255294310,gemm.openmp.c,1024
gemm.openmp38y2dj74sk8jwm8f,1,195095979,1075314696,1255345613,gemm.openmp.c,1024
gemm.openmp38y2dj74sk8jwm8f,1,185225690,1075314696,1256109515,gemm.openmp.c,1024
gemm.openmp38y2dj74sk8jwm8f,1,192386268,1075314696,1257345308,gemm.openmp.c,1024
gemm.openmp38y2dj74sk8jwm8f,1,184694100,1075314696,1258474702,gemm.openmp.c,1024
gemm.openmp38y2dj74sk8jwm8f,1,196889353,1075314696,1252747285,gemm.openmp.c,1024
gemm.openmp38y2dj74sk8jwm8f,1,185242042,1075314696,1270124799,gemm.openmp.c,1024
gemm.openmp38y2dj74sk8jwm8f,1,190283525,1075314696,1254903243,gemm.openmp.c,1024
gemm.openmp38y2dj74sk8jwm8f,1,185493194,1075314696,1256622614,gemm.openmp.c,1024
gemm.openmp38y2dj74sk8jwm8f,1,197079356,1075314696,1255079307,gemm.openmp.c,1024
gemm.openmp38y2dj74sk8jwm8f,1,192368620,1075314696,1255156871,gemm.openmp.c,1024
gemm.openmp38y2dj74sk8jwm8f,1,198952523,1075314696,1255202354,gemm.openmp.c,1024
gemm.openmp38y2dj74sk8jwm8f,1,198648343,1075314696,1256116181,gemm.openmp.c,1024
gemm.openmp38y2dj74sk8jwm8f,1,198512661,1075314696,1255384987,gemm.openmp.c,1024
gemm.openmp38y2dj74sk8jwm8f,1,184331210,1075314696,1258556955,gemm.openmp.c,1024
gemm.openmp38y2dj74sk8jwm8f,1,191270244,1075314696,1252572267,gemm.openmp.c,1024
gemm.openmp38y2dj74sk8jwm8f,1,186659233,1075314696,1257219559,gemm.openmp.c,1024
gemm.openmp38y2dj74sk8jwm8f,1,184306330,1075314696,1255310559,gemm.openmp.c,1024
gemm.openmp38y2dj74sk8jwm8f,1,186321445,1075314696,1253859472,gemm.openmp.c,1024
gemm.openmp38y2dj74sk8jwm8f,2,105232523,537657352,628369130,gemm.openmp.c,1024
gemm.openmp38y2dj74sk8jwm8f,2,100514068,537657352,625923965,gemm.openmp.c,1024
gemm.openmp38y2dj74sk8jwm8f,2,91494873,537657352,626354812,gemm.openmp.c,1024
gemm.openmp38y2dj74sk8jwm8f,2,93590577,537657352,623431568,gemm.openmp.c,1024
gemm.openmp38y2dj74sk8jwm8f,2,97991822,537657352,626024496,gemm.openmp.c,1024
gemm.openmp38y2dj74sk8jwm8f,2,91269972,537657352,627028546,gemm.openmp.c,1024
gemm.openmp38y2dj74sk8jwm8f,2,99635109,537657352,627609401,gemm.openmp.c,1024
gemm.openmp38y2dj74sk8jwm8f,2,97625473,537657352,625317407,gemm.openmp.c,1024
gemm.openmp38y2dj74sk8jwm8f,2,93261228,537657352,626922245,gemm.openmp.c,1024
gemm.openmp38y2dj74sk8jwm8f,2,96671151,537657352,628195750,gemm.openmp.c,1024
gemm.openmp38y2dj74sk8jwm8f,2,96255058,537657352,627112972,gemm.openmp.c,1024
gemm.openmp38y2dj74sk8jwm8f,2,97275703,537657352,626930680,gemm.openmp.c,1024
gemm.openmp38y2dj74sk8jwm8f,2,92622151,537657352,625985352,gemm.openmp.c,1024
gemm.openmp38y2dj74sk8jwm8f,2,87856416,537657352,628507954,gemm.openmp.c,1024
gemm.openmp38y2dj74sk8jwm8f,2,90027861,537657351,625913670,gemm.openmp.c,1024
gemm.openmp38y2dj74sk8jwm8f,2,94896386,537657350,623335328,gemm.openmp.c,1024
gemm.openmp38y2dj74sk8jwm8f,2,95683386,537657350,626644969,gemm.openmp.c,1024
gemm.openmp38y2dj74sk8jwm8f,2,91869410,537657350,625599237,gemm.openmp.c,1024
gemm.openmp38y2dj74sk8jwm8f,2,100057285,537657350,627851560,gemm.openmp.c,1024
gemm.openmp38y2dj74sk8jwm8f,2,97239896,537657350,626906177,gemm.openmp.c,1024
gemm.openmp38y2dj74sk8jwm8f,3,62410987,359138310,432526997,gemm.openmp.c,1024
gemm.openmp38y2dj74sk8jwm8f,3,78536007,359138310,431457971,gemm.openmp.c,1024
gemm.openmp38y2dj74sk8jwm8f,3,64695133,359138310,433795044,gemm.openmp.c,1024
gemm.openmp38y2dj74sk8jwm8f,3,60867863,359138310,434584749,gemm.openmp.c,1024
gemm.openmp38y2dj74sk8jwm8f,3,61789987,359138310,433368818,gemm.openmp.c,1024
gemm.openmp38y2dj74sk8jwm8f,3,61278701,359138310,431434450,gemm.openmp.c,1024
gemm.openmp38y2dj74sk8jwm8f,3,73875629,359138310,430767529,gemm.openmp.c,1024
gemm.openmp38y2dj74sk8jwm8f,3,78529020,359138310,432666299,gemm.openmp.c,1024
gemm.openmp38y2dj74sk8jwm8f,3,67057906,359138310,431968906,gemm.openmp.c,1024
gemm.openmp38y2dj74sk8jwm8f,3,63698106,359138310,429819471,gemm.openmp.c,1024
gemm.openmp38y2dj74sk8jwm8f,3,63632564,359138310,431484493,gemm.openmp.c,1024
gemm.openmp38y2dj74sk8jwm8f,3,76226065,359138310,432475972,gemm.openmp.c,1024
gemm.openmp38y2dj74sk8jwm8f,3,75010651,359138310,432727813,gemm.openmp.c,1024
gemm.openmp38y2dj74sk8jwm8f,3,62363861,359138310,433188841,gemm.openmp.c,1024
gemm.openmp38y2dj74sk8jwm8f,3,70588815,359138310,432489840,gemm.openmp.c,1024
gemm.openmp38y2dj74sk8jwm8f,3,70103788,359138310,434461512,gemm.openmp.c,1024
gemm.openmp38y2dj74sk8jwm8f,3,60596011,359138310,431608726,gemm.openmp.c,1024
gemm.openmp38y2dj74sk8jwm8f,3,60864596,359138310,431370479,gemm.openmp.c,1024
gemm.openmp38y2dj74sk8jwm8f,3,60971939,359138310,431389925,gemm.openmp.c,1024
gemm.openmp38y2dj74sk8jwm8f,3,59839213,359138310,431876239,gemm.openmp.c,1024
gemm.openmp38y2dj74sk8jwm8f,4,57020457,268828678,324442121,gemm.openmp.c,1024
gemm.openmp38y2dj74sk8jwm8f,4,58407182,268828678,325147611,gemm.openmp.c,1024
gemm.openmp38y2dj74sk8jwm8f,4,56230717,268828678,325326400,gemm.openmp.c,1024
gemm.openmp38y2dj74sk8jwm8f,4,59766596,268828678,326005400,gemm.openmp.c,1024
gemm.openmp38y2dj74sk8jwm8f,4,52921950,268828678,329198913,gemm.openmp.c,1024
gemm.openmp38y2dj74sk8jwm8f,4,55451486,268828678,325383005,gemm.openmp.c,1024
gemm.openmp38y2dj74sk8jwm8f,4,56295445,268828678,327117826,gemm.openmp.c,1024
gemm.openmp38y2dj74sk8jwm8f,4,58576581,268828678,325854988,gemm.openmp.c,1024
gemm.openmp38y2dj74sk8jwm8f,4,53213811,268828680,325718523,gemm.openmp.c,1024
gemm.openmp38y2dj74sk8jwm8f,4,59108037,268828680,322714116,gemm.openmp.c,1024
gemm.openmp38y2dj74sk8jwm8f,4,59859899,268828680,325587437,gemm.openmp.c,1024
gemm.openmp38y2dj74sk8jwm8f,4,57795046,268828680,325282167,gemm.openmp.c,1024
gemm.openmp38y2dj74sk8jwm8f,4,60748803,268828680,326889728,gemm.openmp.c,1024
gemm.openmp38y2dj74sk8jwm8f,4,59567925,268828680,323086983,gemm.openmp.c,1024
gemm.openmp38y2dj74sk8jwm8f,4,57160277,268828680,326322295,gemm.openmp.c,1024
gemm.openmp38y2dj74sk8jwm8f,4,55289828,268828680,325201931,gemm.openmp.c,1024
gemm.openmp38y2dj74sk8jwm8f,4,57449370,268828680,325922259,gemm.openmp.c,1024
gemm.openmp38y2dj74sk8jwm8f,4,55172066,268828680,323985412,gemm.openmp.c,1024
gemm.openmp38y2dj74sk8jwm8f,4,53268247,268828680,325667923,gemm.openmp.c,1024
gemm.openmp38y2dj74sk8jwm8f,4,60852060,268828680,324816071,gemm.openmp.c,1024
gemm.openmp38y2dj74sk8jwm8f,5,47640921,215272968,260494200,gemm.openmp.c,1024
gemm.openmp38y2dj74sk8jwm8f,5,45152524,215272968,258053206,gemm.openmp.c,1024
gemm.openmp38y2dj74sk8jwm8f,5,48160868,215272968,259572920,gemm.openmp.c,1024
gemm.openmp38y2dj74sk8jwm8f,5,45068713,215272968,260042148,gemm.openmp.c,1024
gemm.openmp38y2dj74sk8jwm8f,5,48665427,215272968,259814994,gemm.openmp.c,1024
gemm.openmp38y2dj74sk8jwm8f,5,48774834,215272968,260522532,gemm.openmp.c,1024
gemm.openmp38y2dj74sk8jwm8f,5,45981405,215272968,260653057,gemm.openmp.c,1024
gemm.openmp38y2dj74sk8jwm8f,5,47208243,215272968,259840139,gemm.openmp.c,1024
gemm.openmp38y2dj74sk8jwm8f,5,48908170,215272968,260429983,gemm.openmp.c,1024
gemm.openmp38y2dj74sk8jwm8f,5,45364047,215272968,259806691,gemm.openmp.c,1024
gemm.openmp38y2dj74sk8jwm8f,5,47579981,215272968,260370440,gemm.openmp.c,1024
gemm.openmp38y2dj74sk8jwm8f,5,49701390,215272968,260555614,gemm.openmp.c,1024
gemm.openmp38y2dj74sk8jwm8f,5,45110546,215272968,260574472,gemm.openmp.c,1024
gemm.openmp38y2dj74sk8jwm8f,5,47026801,215272968,260749112,gemm.openmp.c,1024
gemm.openmp38y2dj74sk8jwm8f,5,49132885,215272968,259853541,gemm.openmp.c,1024
gemm.openmp38y2dj74sk8jwm8f,5,51795293,215272968,259617613,gemm.openmp.c,1024
gemm.openmp38y2dj74sk8jwm8f,5,44034326,215272968,260115035,gemm.openmp.c,1024
gemm.openmp38y2dj74sk8jwm8f,5,48280318,215272968,261000166,gemm.openmp.c,1024
gemm.openmp38y2dj74sk8jwm8f,5,48746414,215272968,258274390,gemm.openmp.c,1024
gemm.openmp38y2dj74sk8jwm8f,5,46519858,215272968,260116401,gemm.openmp.c,1024
gemm.openmp38y2dj74sk8jwm8f,6,42054132,179569160,220434419,gemm.openmp.c,1024
gemm.openmp38y2dj74sk8jwm8f,6,36978313,179569160,216062359,gemm.openmp.c,1024
gemm.openmp38y2dj74sk8jwm8f,6,41273875,179569160,216147477,gemm.openmp.c,1024
gemm.openmp38y2dj74sk8jwm8f,6,38741341,179569160,215940276,gemm.openmp.c,1024
gemm.openmp38y2dj74sk8jwm8f,6,35803568,179569160,215348158,gemm.openmp.c,1024
gemm.openmp38y2dj74sk8jwm8f,6,38483059,179569160,215758561,gemm.openmp.c,1024
gemm.openmp38y2dj74sk8jwm8f,6,37924131,179569160,215463142,gemm.openmp.c,1024
gemm.openmp38y2dj74sk8jwm8f,6,37207419,179569160,215655176,gemm.openmp.c,1024
gemm.openmp38y2dj74sk8jwm8f,6,36809666,179569160,216290160,gemm.openmp.c,1024
gemm.openmp38y2dj74sk8jwm8f,6,36881244,179569160,216423141,gemm.openmp.c,1024
gemm.openmp38y2dj74sk8jwm8f,6,38286263,179569160,216434316,gemm.openmp.c,1024
gemm.openmp38y2dj74sk8jwm8f,6,37437255,179569160,224291497,gemm.openmp.c,1024
gemm.openmp38y2dj74sk8jwm8f,6,36360812,179569160,216065176,gemm.openmp.c,1024
gemm.openmp38y2dj74sk8jwm8f,6,36797866,179569160,215945522,gemm.openmp.c,1024
gemm.openmp38y2dj74sk8jwm8f,6,42465446,179569160,216929208,gemm.openmp.c,1024
gemm.openmp38y2dj74sk8jwm8f,6,36977891,179569160,215239135,gemm.openmp.c,1024
gemm.openmp38y2dj74sk8jwm8f,6,38254852,179569160,215630709,gemm.openmp.c,1024
gemm.openmp38y2dj74sk8jwm8f,6,38478722,179569160,215778817,gemm.openmp.c,1024
gemm.openmp38y2dj74sk8jwm8f,6,36752180,179569160,215031462,gemm.openmp.c,1024
gemm.openmp38y2dj74sk8jwm8f,6,42403101,179569160,215870962,gemm.openmp.c,1024
gemm.openmp38y2dj74sk8jwm8f,7,32569545,154366472,185946409,gemm.openmp.c,1024
gemm.openmp38y2dj74sk8jwm8f,7,32200811,154366472,186819043,gemm.openmp.c,1024
gemm.openmp38y2dj74sk8jwm8f,7,38584035,154366472,186242409,gemm.openmp.c,1024
gemm.openmp38y2dj74sk8jwm8f,7,38367838,154366472,186540137,gemm.openmp.c,1024
gemm.openmp38y2dj74sk8jwm8f,7,30858022,154366472,197976863,gemm.openmp.c,1024
gemm.openmp38y2dj74sk8jwm8f,7,34042148,154366472,186651958,gemm.openmp.c,1024
gemm.openmp38y2dj74sk8jwm8f,7,38161344,154366472,186129569,gemm.openmp.c,1024
gemm.openmp38y2dj74sk8jwm8f,7,39964357,154366472,186465636,gemm.openmp.c,1024
gemm.openmp38y2dj74sk8jwm8f,7,31321494,154366472,186186233,gemm.openmp.c,1024
gemm.openmp38y2dj74sk8jwm8f,7,38286474,154366472,186253486,gemm.openmp.c,1024
gemm.openmp38y2dj74sk8jwm8f,7,36774539,154366472,188360781,gemm.openmp.c,1024
gemm.openmp38y2dj74sk8jwm8f,7,35728343,154366472,185952954,gemm.openmp.c,1024
gemm.openmp38y2dj74sk8jwm8f,7,35083124,154366472,186047934,gemm.openmp.c,1024
gemm.openmp38y2dj74sk8jwm8f,7,35823503,154366472,186565686,gemm.openmp.c,1024
gemm.openmp38y2dj74sk8jwm8f,7,35211250,154366472,186425199,gemm.openmp.c,1024
gemm.openmp38y2dj74sk8jwm8f,7,32336186,154366472,185612636,gemm.openmp.c,1024
gemm.openmp38y2dj74sk8jwm8f,7,32344097,154366472,185795383,gemm.openmp.c,1024
gemm.openmp38y2dj74sk8jwm8f,7,32654196,154366472,186592875,gemm.openmp.c,1024
gemm.openmp38y2dj74sk8jwm8f,7,32443076,154366472,185999040,gemm.openmp.c,1024
gemm.openmp38y2dj74sk8jwm8f,7,32320156,154366472,185788505,gemm.openmp.c,1024
gemm.openmp38y2dj74sk8jwm8f,8,29722300,134414344,163724652,gemm.openmp.c,1024
gemm.openmp38y2dj74sk8jwm8f,8,30590925,134414344,164602697,gemm.openmp.c,1024
gemm.openmp38y2dj74sk8jwm8f,8,29388064,134414344,164026176,gemm.openmp.c,1024
gemm.openmp38y2dj74sk8jwm8f,8,29297451,134414344,164193657,gemm.openmp.c,1024
gemm.openmp38y2dj74sk8jwm8f,8,30094088,134414344,164301722,gemm.openmp.c,1024
gemm.openmp38y2dj74sk8jwm8f,8,29197363,134414344,165254884,gemm.openmp.c,1024
gemm.openmp38y2dj74sk8jwm8f,8,29861457,134414344,165333445,gemm.openmp.c,1024
gemm.openmp38y2dj74sk8jwm8f,8,29254657,134414344,164268478,gemm.openmp.c,1024
gemm.openmp38y2dj74sk8jwm8f,8,29151130,134414344,163828380,gemm.openmp.c,1024
gemm.openmp38y2dj74sk8jwm8f,8,29619273,134414344,163636249,gemm.openmp.c,1024
gemm.openmp38y2dj74sk8jwm8f,8,30200693,134414344,163813402,gemm.openmp.c,1024
gemm.openmp38y2dj74sk8jwm8f,8,30408213,134414344,165015779,gemm.openmp.c,1024
gemm.openmp38y2dj74sk8jwm8f,8,28960699,134414344,164083143,gemm.openmp.c,1024
gemm.openmp38y2dj74sk8jwm8f,8,30145014,134414344,165142745,gemm.openmp.c,1024
gemm.openmp38y2dj74sk8jwm8f,8,29764671,134414344,164619587,gemm.openmp.c,1024
gemm.openmp38y2dj74sk8jwm8f,8,29096534,134414344,164002978,gemm.openmp.c,1024
gemm.openmp38y2dj74sk8jwm8f,8,29500591,134414344,164182266,gemm.openmp.c,1024
gemm.openmp38y2dj74sk8jwm8f,8,29777350,134414344,164570862,gemm.openmp.c,1024
gemm.openmp38y2dj74sk8jwm8f,8,29532426,134414344,164565725,gemm.openmp.c,1024
gemm.openmp38y2dj74sk8jwm8f,8,30266607,134414344,164735567,gemm.openmp.c,1024
gemm.openmpdzh12qu2wcoks1fg,1,24207228,134610952,173409724,gemm.openmp.c,512
gemm.openmpdzh12qu2wcoks1fg,1,24066966,134610952,161832086,gemm.openmp.c,512
gemm.openmpdzh12qu2wcoks1fg,1,24837774,134610952,162494776,gemm.openmp.c,512
gemm.openmpdzh12qu2wcoks1fg,1,23034382,134610952,162093575,gemm.openmp.c,512
gemm.openmpdzh12qu2wcoks1fg,1,22732727,134610952,162047568,gemm.openmp.c,512
gemm.openmpdzh12qu2wcoks1fg,1,22986250,134610952,162094308,gemm.openmp.c,512
gemm.openmpdzh12qu2wcoks1fg,1,22842125,134610952,162207897,gemm.openmp.c,512
gemm.openmpdzh12qu2wcoks1fg,1,23379026,134610952,162017411,gemm.openmp.c,512
gemm.openmpdzh12qu2wcoks1fg,1,22348474,134610952,162890685,gemm.openmp.c,512
gemm.openmpdzh12qu2wcoks1fg,1,28852344,134610952,164622505,gemm.openmp.c,512
gemm.openmpdzh12qu2wcoks1fg,1,23153983,134610952,162247684,gemm.openmp.c,512
gemm.openmpdzh12qu2wcoks1fg,1,22868320,134610952,161257177,gemm.openmp.c,512
gemm.openmpdzh12qu2wcoks1fg,1,22687462,134610952,162346280,gemm.openmp.c,512
gemm.openmpdzh12qu2wcoks1fg,1,22807329,134610952,162147913,gemm.openmp.c,512
gemm.openmpdzh12qu2wcoks1fg,1,23465002,134610952,162614511,gemm.openmp.c,512
gemm.openmpdzh12qu2wcoks1fg,1,22807283,134610952,162078865,gemm.openmp.c,512
gemm.openmpdzh12qu2wcoks1fg,1,23573044,134610952,161936328,gemm.openmp.c,512
gemm.openmpdzh12qu2wcoks1fg,1,21946661,134610952,161886888,gemm.openmp.c,512
gemm.openmpdzh12qu2wcoks1fg,1,23058987,134610952,162187111,gemm.openmp.c,512
gemm.openmpdzh12qu2wcoks1fg,1,23088312,134610952,162072583,gemm.openmp.c,512
gemm.openmpdzh12qu2wcoks1fg,2,11879913,67305480,81073333,gemm.openmp.c,512
gemm.openmpdzh12qu2wcoks1fg,2,13575355,67305480,81734027,gemm.openmp.c,512
gemm.openmpdzh12qu2wcoks1fg,2,13672351,67305480,81582383,gemm.openmp.c,512
gemm.openmpdzh12qu2wcoks1fg,2,11126553,67305480,80883588,gemm.openmp.c,512
gemm.openmpdzh12qu2wcoks1fg,2,12682197,67305480,81996300,gemm.openmp.c,512
gemm.openmpdzh12qu2wcoks1fg,2,12560702,67305480,81588380,gemm.openmp.c,512
gemm.openmpdzh12qu2wcoks1fg,2,11146672,67305480,81477243,gemm.openmp.c,512
gemm.openmpdzh12qu2wcoks1fg,2,11286290,67305480,80891167,gemm.openmp.c,512
gemm.openmpdzh12qu2wcoks1fg,2,12425898,67305480,81267751,gemm.openmp.c,512
gemm.openmpdzh12qu2wcoks1fg,2,11190085,67305480,80886135,gemm.openmp.c,512
gemm.openmpdzh12qu2wcoks1fg,2,13073972,67305480,81389674,gemm.openmp.c,512
gemm.openmpdzh12qu2wcoks1fg,2,11492042,67305480,81011056,gemm.openmp.c,512
gemm.openmpdzh12qu2wcoks1fg,2,11109291,67305480,81393369,gemm.openmp.c,512
gemm.openmpdzh12qu2wcoks1fg,2,14160803,67305480,80871907,gemm.openmp.c,512
gemm.openmpdzh12qu2wcoks1fg,2,11080489,67305480,81391664,gemm.openmp.c,512
gemm.openmpdzh12qu2wcoks1fg,2,11269603,67305480,80852204,gemm.openmp.c,512
gemm.openmpdzh12qu2wcoks1fg,2,13181353,67305480,81297861,gemm.openmp.c,512
gemm.openmpdzh12qu2wcoks1fg,2,11041304,67305480,80768802,gemm.openmp.c,512
gemm.openmpdzh12qu2wcoks1fg,2,10997443,67305480,81204002,gemm.openmp.c,512
gemm.openmpdzh12qu2wcoks1fg,2,11164309,67305480,80787267,gemm.openmp.c,512
gemm.openmpdzh12qu2wcoks1fg,3,7624819,44957960,55523866,gemm.openmp.c,512
gemm.openmpdzh12qu2wcoks1fg,3,7707271,44957960,55566154,gemm.openmp.c,512
gemm.openmpdzh12qu2wcoks1fg,3,7793862,44957960,55773795,gemm.openmp.c,512
gemm.openmpdzh12qu2wcoks1fg,3,9598396,44957960,56798879,gemm.openmp.c,512
gemm.openmpdzh12qu2wcoks1fg,3,9276160,44957960,56145046,gemm.openmp.c,512
gemm.openmpdzh12qu2wcoks1fg,3,9593232,44957960,55873274,gemm.openmp.c,512
gemm.openmpdzh12qu2wcoks1fg,3,9532515,44957960,55994603,gemm.openmp.c,512
gemm.openmpdzh12qu2wcoks1fg,3,9587565,44957960,55855804,gemm.openmp.c,512
gemm.openmpdzh12qu2wcoks1fg,3,7428194,44957960,55873623,gemm.openmp.c,512
gemm.openmpdzh12qu2wcoks1fg,3,7640541,44957960,55301036,gemm.openmp.c,512
gemm.openmpdzh12qu2wcoks1fg,3,7756377,44957960,55314068,gemm.openmp.c,512
gemm.openmpdzh12qu2wcoks1fg,3,8083454,44957960,55862516,gemm.openmp.c,512
gemm.openmpdzh12qu2wcoks1fg,3,7610378,44957960,55765828,gemm.openmp.c,512
gemm.openmpdzh12qu2wcoks1fg,3,8065536,44957960,55941185,gemm.openmp.c,512
gemm.openmpdzh12qu2wcoks1fg,3,7998501,44957960,55600820,gemm.openmp.c,512
gemm.openmpdzh12qu2wcoks1fg,3,7676216,44957960,55797658,gemm.openmp.c,512
gemm.openmpdzh12qu2wcoks1fg,3,7538167,44957960,55811788,gemm.openmp.c,512
gemm.openmpdzh12qu2wcoks1fg,3,7824734,44957960,55881542,gemm.openmp.c,512
gemm.openmpdzh12qu2wcoks1fg,3,7599205,44957960,55923338,gemm.openmp.c,512
gemm.openmpdzh12qu2wcoks1fg,3,7835551,44957960,56060634,gemm.openmp.c,512
gemm.openmpdzh12qu2wcoks1fg,4,6709325,33652744,42353939,gemm.openmp.c,512
gemm.openmpdzh12qu2wcoks1fg,4,6224419,33652744,42061304,gemm.openmp.c,512
gemm.openmpdzh12qu2wcoks1fg,4,7601607,33652744,41709488,gemm.openmp.c,512
gemm.openmpdzh12qu2wcoks1fg,4,6607280,33652744,41609225,gemm.openmp.c,512
gemm.openmpdzh12qu2wcoks1fg,4,7733311,33652744,42312026,gemm.openmp.c,512
gemm.openmpdzh12qu2wcoks1fg,4,8126775,33652744,42355224,gemm.openmp.c,512
gemm.openmpdzh12qu2wcoks1fg,4,6517841,33652744,41610531,gemm.openmp.c,512
gemm.openmpdzh12qu2wcoks1fg,4,7053343,33652744,41905875,gemm.openmp.c,512
gemm.openmpdzh12qu2wcoks1fg,4,6861128,33652744,41758540,gemm.openmp.c,512
gemm.openmpdzh12qu2wcoks1fg,4,8161042,33652744,42307056,gemm.openmp.c,512
gemm.openmpdzh12qu2wcoks1fg,4,7478816,33652744,41557480,gemm.openmp.c,512
gemm.openmpdzh12qu2wcoks1fg,4,7322845,33652744,41848455,gemm.openmp.c,512
gemm.openmpdzh12qu2wcoks1fg,4,6650445,33652744,41883594,gemm.openmp.c,512
gemm.openmpdzh12qu2wcoks1fg,4,8236366,33652744,41739615,gemm.openmp.c,512
gemm.openmpdzh12qu2wcoks1fg,4,6813225,33652744,41714349,gemm.openmp.c,512
gemm.openmpdzh12qu2wcoks1fg,4,6829312,33652744,42237548,gemm.openmp.c,512
gemm.openmpdzh12qu2wcoks1fg,4,6941762,33652744,41717803,gemm.openmp.c,512
gemm.openmpdzh12qu2wcoks1fg,4,8108792,33652744,41802733,gemm.openmp.c,512
gemm.openmpdzh12qu2wcoks1fg,4,7804090,33652744,42010776,gemm.openmp.c,512
gemm.openmpdzh12qu2wcoks1fg,4,8127738,33652744,42249528,gemm.openmp.c,512
gemm.openmpdzh12qu2wcoks1fg,5,5775149,27079944,34173543,gemm.openmp.c,512
gemm.openmpdzh12qu2wcoks1fg,5,6966215,27079944,34267871,gemm.openmp.c,512
gemm.openmpdzh12qu2wcoks1fg,5,5584906,27079944,33577329,gemm.openmp.c,512
gemm.openmpdzh12qu2wcoks1fg,5,6869426,27079944,33815643,gemm.openmp.c,512
gemm.openmpdzh12qu2wcoks1fg,5,5467706,27079944,33954505,gemm.openmp.c,512
gemm.openmpdzh12qu2wcoks1fg,5,5608236,27079944,34203934,gemm.openmp.c,512
gemm.openmpdzh12qu2wcoks1fg,5,5480576,27079944,33718712,gemm.openmp.c,512
gemm.openmpdzh12qu2wcoks1fg,5,6929493,27079944,34450334,gemm.openmp.c,512
gemm.openmpdzh12qu2wcoks1fg,5,6768115,27079944,34329528,gemm.openmp.c,512
gemm.openmpdzh12qu2wcoks1fg,5,6758131,27079944,33499489,gemm.openmp.c,512
gemm.openmpdzh12qu2wcoks1fg,5,6177647,27079944,33785839,gemm.openmp.c,512
gemm.openmpdzh12qu2wcoks1fg,5,6154318,27079944,34206087,gemm.openmp.c,512
gemm.openmpdzh12qu2wcoks1fg,5,6418664,27079944,33849499,gemm.openmp.c,512
gemm.openmpdzh12qu2wcoks1fg,5,6780041,27079944,33948837,gemm.openmp.c,512
gemm.openmpdzh12qu2wcoks1fg,5,6748844,27079944,34222221,gemm.openmp.c,512
gemm.openmpdzh12qu2wcoks1fg,5,5984655,27079944,33812100,gemm.openmp.c,512
gemm.openmpdzh12qu2wcoks1fg,5,5673129,27079944,33675073,gemm.openmp.c,512
gemm.openmpdzh12qu2wcoks1fg,5,6139682,27079944,33489797,gemm.openmp.c,512
gemm.openmpdzh12qu2wcoks1fg,5,6808587,27079944,34389443,gemm.openmp.c,512
gemm.openmpdzh12qu2wcoks1fg,5,5850877,27079944,33839403,gemm.openmp.c,512
gemm.openmpdzh12qu2wcoks1fg,6,5755400,22610440,27972442,gemm.openmp.c,512
gemm.openmpdzh12qu2wcoks1fg,6,5305999,22610440,28291809,gemm.openmp.c,512
gemm.openmpdzh12qu2wcoks1fg,6,4692684,22610440,27878273,gemm.openmp.c,512
gemm.openmpdzh12qu2wcoks1fg,6,5218977,22610440,27866211,gemm.openmp.c,512
gemm.openmpdzh12qu2wcoks1fg,6,5263170,22610440,28231142,gemm.openmp.c,512
gemm.openmpdzh12qu2wcoks1fg,6,5134396,22610440,27808288,gemm.openmp.c,512
gemm.openmpdzh12qu2wcoks1fg,6,5265369,22610440,28008109,gemm.openmp.c,512
gemm.openmpdzh12qu2wcoks1fg,6,4676887,22610440,27896106,gemm.openmp.c,512
gemm.openmpdzh12qu2wcoks1fg,6,5263126,22610440,28278453,gemm.openmp.c,512
gemm.openmpdzh12qu2wcoks1fg,6,4730006,22610440,27966421,gemm.openmp.c,512
gemm.openmpdzh12qu2wcoks1fg,6,4744121,22610440,27979308,gemm.openmp.c,512
gemm.openmpdzh12qu2wcoks1fg,6,5307292,22610440,28526651,gemm.openmp.c,512
gemm.openmpdzh12qu2wcoks1fg,6,5183001,22610440,28555412,gemm.openmp.c,512
gemm.openmpdzh12qu2wcoks1fg,6,5238178,22610440,28232432,gemm.openmp.c,512
gemm.openmpdzh12qu2wcoks1fg,6,4654911,22610440,27890128,gemm.openmp.c,512
gemm.openmpdzh12qu2wcoks1fg,6,4652716,22610440,27831095,gemm.openmp.c,512
gemm.openmpdzh12qu2wcoks1fg,6,5514696,22610440,28448468,gemm.openmp.c,512
gemm.openmpdzh12qu2wcoks1fg,6,4704549,22610440,28076663,gemm.openmp.c,512
gemm.openmpdzh12qu2wcoks1fg,6,4617131,22610440,27978678,gemm.openmp.c,512
gemm.openmpdzh12qu2wcoks1fg,6,5231279,22610440,28209169,gemm.openmp.c,512
gemm.openmpdzh12qu2wcoks1fg,7,4506272,19455496,24060382,gemm.openmp.c,512
gemm.openmpdzh12qu2wcoks1fg,7,4613901,19455496,24357948,gemm.openmp.c,512
gemm.openmpdzh12qu2wcoks1fg,7,4387246,19455496,24194172,gemm.openmp.c,512
gemm.openmpdzh12qu2wcoks1fg,7,4614977,19455496,24384658,gemm.openmp.c,512
gemm.openmpdzh12qu2wcoks1fg,7,4147449,19455496,24163703,gemm.openmp.c,512
gemm.openmpdzh12qu2wcoks1fg,7,4128661,19455496,24152492,gemm.openmp.c,512
gemm.openmpdzh12qu2wcoks1fg,7,4147316,19455496,24158929,gemm.openmp.c,512
gemm.openmpdzh12qu2wcoks1fg,7,4105845,19455496,24151089,gemm.openmp.c,512
gemm.openmpdzh12qu2wcoks1fg,7,3990932,19455496,24002728,gemm.openmp.c,512
gemm.openmpdzh12qu2wcoks1fg,7,4363231,19455496,24135151,gemm.openmp.c,512
gemm.openmpdzh12qu2wcoks1fg,7,3991894,19455496,24358986,gemm.openmp.c,512
gemm.openmpdzh12qu2wcoks1fg,7,4077832,19455496,24099199,gemm.openmp.c,512
gemm.openmpdzh12qu2wcoks1fg,7,4602707,19455496,24190348,gemm.openmp.c,512
gemm.openmpdzh12qu2wcoks1fg,7,4165698,19455496,24151120,gemm.openmp.c,512
gemm.openmpdzh12qu2wcoks1fg,7,4145917,19455496,24182137,gemm.openmp.c,512
gemm.openmpdzh12qu2wcoks1fg,7,4838726,19455496,24078718,gemm.openmp.c,512
gemm.openmpdzh12qu2wcoks1fg,7,4046296,19455496,24000545,gemm.openmp.c,512
gemm.openmpdzh12qu2wcoks1fg,7,4244747,19455496,24033713,gemm.openmp.c,512
gemm.openmpdzh12qu2wcoks1fg,7,4147079,19455496,24163555,gemm.openmp.c,512
gemm.openmpdzh12qu2wcoks1fg,7,4091805,19455496,24108776,gemm.openmp.c,512
gemm.openmpdzh12qu2wcoks1fg,8,3787040,16826376,21419098,gemm.openmp.c,512
gemm.openmpdzh12qu2wcoks1fg,8,3766687,16826376,21203495,gemm.openmp.c,512
gemm.openmpdzh12qu2wcoks1fg,8,3654119,16826376,21071622,gemm.openmp.c,512
gemm.openmpdzh12qu2wcoks1fg,8,3743961,16826376,20993285,gemm.openmp.c,512
gemm.openmpdzh12qu2wcoks1fg,8,3713771,16826376,21094428,gemm.openmp.c,512
gemm.openmpdzh12qu2wcoks1fg,8,3648948,16826376,21322002,gemm.openmp.c,512
gemm.openmpdzh12qu2wcoks1fg,8,3720071,16826376,21059126,gemm.openmp.c,512
gemm.openmpdzh12qu2wcoks1fg,8,3708706,16826376,21006709,gemm.openmp.c,512
gemm.openmpdzh12qu2wcoks1fg,8,3751327,16826376,21024302,gemm.openmp.c,512
gemm.openmpdzh12qu2wcoks1fg,8,3631601,16826376,21126994,gemm.openmp.c,512
gemm.openmpdzh12qu2wcoks1fg,8,3855359,16826376,21011202,gemm.openmp.c,512
gemm.openmpdzh12qu2wcoks1fg,8,3780656,16826376,21140196,gemm.openmp.c,512
gemm.openmpdzh12qu2wcoks1fg,8,3696595,16826376,21016324,gemm.openmp.c,512
gemm.openmpdzh12qu2wcoks1fg,8,3726222,16826376,21551423,gemm.openmp.c,512
gemm.openmpdzh12qu2wcoks1fg,8,3985896,16826376,21094467,gemm.openmp.c,512
gemm.openmpdzh12qu2wcoks1fg,8,3666158,16826376,21421663,gemm.openmp.c,512
gemm.openmpdzh12qu2wcoks1fg,8,3820241,16826376,21063607,gemm.openmp.c,512
gemm.openmpdzh12qu2wcoks1fg,8,3696450,16826376,20986213,gemm.openmp.c,512
gemm.openmpdzh12qu2wcoks1fg,8,3677754,16826376,21010178,gemm.openmp.c,512
gemm.openmpdzh12qu2wcoks1fg,8,3764063,16826376,21586651,gemm.openmp.c,512
gemm.openmpzwch6vmj04e5s9cp,1,66584,2121736,2419088,gemm.openmp.c,128
gemm.openmpzwch6vmj04e5s9cp,1,74132,2121736,2413479,gemm.openmp.c,128
gemm.openmpzwch6vmj04e5s9cp,1,16157,2121736,2390436,gemm.openmp.c,128
gemm.openmpzwch6vmj04e5s9cp,1,47234,2121736,2410597,gemm.openmp.c,128
gemm.openmpzwch6vmj04e5s9cp,1,45251,2121736,2407925,gemm.openmp.c,128
gemm.openmpzwch6vmj04e5s9cp,1,42348,2121736,2401927,gemm.openmp.c,128
gemm.openmpzwch6vmj04e5s9cp,1,21808,2121736,2391602,gemm.openmp.c,128
gemm.openmpzwch6vmj04e5s9cp,1,26942,2121736,2391128,gemm.openmp.c,128
gemm.openmpzwch6vmj04e5s9cp,1,13088,2121736,2388770,gemm.openmp.c,128
gemm.openmpzwch6vmj04e5s9cp,1,34420,2121736,2398015,gemm.openmp.c,128
gemm.openmpzwch6vmj04e5s9cp,1,47680,2121736,2493909,gemm.openmp.c,128
gemm.openmpzwch6vmj04e5s9cp,1,50620,2121736,2410395,gemm.openmp.c,128
gemm.openmpzwch6vmj04e5s9cp,1,12847,2121736,2392157,gemm.openmp.c,128
gemm.openmpzwch6vmj04e5s9cp,1,123759,2121736,2422062,gemm.openmp.c,128
gemm.openmpzwch6vmj04e5s9cp,1,21367,2121736,2393291,gemm.openmp.c,128
gemm.openmpzwch6vmj04e5s9cp,1,17138,2121736,2388219,gemm.openmp.c,128
gemm.openmpzwch6vmj04e5s9cp,1,47775,2121736,2409397,gemm.openmp.c,128
gemm.openmpzwch6vmj04e5s9cp,1,46345,2121736,2407153,gemm.openmp.c,128
gemm.openmpzwch6vmj04e5s9cp,1,33584,2121736,2398904,gemm.openmp.c,128
gemm.openmpzwch6vmj04e5s9cp,1,35346,2121736,2398684,gemm.openmp.c,128
gemm.openmpzwch6vmj04e5s9cp,2,24826,1060872,1218213,gemm.openmp.c,128
gemm.openmpzwch6vmj04e5s9cp,2,14893,1060872,1210567,gemm.openmp.c,128
gemm.openmpzwch6vmj04e5s9cp,2,7983,1060872,1214749,gemm.openmp.c,128
gemm.openmpzwch6vmj04e5s9cp,2,51492,1060872,1218956,gemm.openmp.c,128
gemm.openmpzwch6vmj04e5s9cp,2,32619,1060872,1219927,gemm.openmp.c,128
gemm.openmpzwch6vmj04e5s9cp,2,12683,1060872,1251413,gemm.openmp.c,128
gemm.openmpzwch6vmj04e5s9cp,2,12325,1060872,1248999,gemm.openmp.c,128
gemm.openmpzwch6vmj04e5s9cp,2,36761,1060872,1219087,gemm.openmp.c,128
gemm.openmpzwch6vmj04e5s9cp,2,14083,1060872,1210216,gemm.openmp.c,128
gemm.openmpzwch6vmj04e5s9cp,2,19392,1060872,1218905,gemm.openmp.c,128
gemm.openmpzwch6vmj04e5s9cp,2,28209,1060872,1211390,gemm.openmp.c,128
gemm.openmpzwch6vmj04e5s9cp,2,12928,1060872,1209014,gemm.openmp.c,128
gemm.openmpzwch6vmj04e5s9cp,2,25582,1060872,1214765,gemm.openmp.c,128
gemm.openmpzwch6vmj04e5s9cp,2,22880,1060872,1205873,gemm.openmp.c,128
gemm.openmpzwch6vmj04e5s9cp,2,45617,1060872,1220168,gemm.openmp.c,128
gemm.openmpzwch6vmj04e5s9cp,2,12767,1060872,1208902,gemm.openmp.c,128
gemm.openmpzwch6vmj04e5s9cp,2,27654,1060872,1214536,gemm.openmp.c,128
gemm.openmpzwch6vmj04e5s9cp,2,20565,1060872,1219904,gemm.openmp.c,128
gemm.openmpzwch6vmj04e5s9cp,2,32829,1060872,1219338,gemm.openmp.c,128
gemm.openmpzwch6vmj04e5s9cp,2,42365,1060872,1255870,gemm.openmp.c,128
gemm.openmpzwch6vmj04e5s9cp,3,20191,712776,856676,gemm.openmp.c,128
gemm.openmpzwch6vmj04e5s9cp,3,13856,712776,850282,gemm.openmp.c,128
gemm.openmpzwch6vmj04e5s9cp,3,20857,712776,823632,gemm.openmp.c,128
gemm.openmpzwch6vmj04e5s9cp,3,31401,712776,838282,gemm.openmp.c,128
gemm.openmpzwch6vmj04e5s9cp,3,9590,712776,824365,gemm.openmp.c,128
gemm.openmpzwch6vmj04e5s9cp,3,9559,712776,825237,gemm.openmp.c,128
gemm.openmpzwch6vmj04e5s9cp,3,6731,712776,846603,gemm.openmp.c,128
gemm.openmpzwch6vmj04e5s9cp,3,17878,712776,823776,gemm.openmp.c,128
gemm.openmpzwch6vmj04e5s9cp,3,14427,712776,827575,gemm.openmp.c,128
gemm.openmpzwch6vmj04e5s9cp,3,10118,712776,827064,gemm.openmp.c,128
gemm.openmpzwch6vmj04e5s9cp,3,12273,712776,821660,gemm.openmp.c,128
gemm.openmpzwch6vmj04e5s9cp,3,12170,712776,828879,gemm.openmp.c,128
gemm.openmpzwch6vmj04e5s9cp,3,10230,712776,818253,gemm.openmp.c,128
gemm.openmpzwch6vmj04e5s9cp,3,22566,712776,844724,gemm.openmp.c,128
gemm.openmpzwch6vmj04e5s9cp,3,24848,712776,813652,gemm.openmp.c,128
gemm.openmpzwch6vmj04e5s9cp,3,40466,712776,824601,gemm.openmp.c,128
gemm.openmpzwch6vmj04e5s9cp,3,16580,712776,850500,gemm.openmp.c,128
gemm.openmpzwch6vmj04e5s9cp,3,9243,712776,824608,gemm.openmp.c,128
gemm.openmpzwch6vmj04e5s9cp,3,9517,712776,824368,gemm.openmp.c,128
gemm.openmpzwch6vmj04e5s9cp,3,20029,712776,834326,gemm.openmp.c,128
gemm.openmpzwch6vmj04e5s9cp,4,11460,530440,642433,gemm.openmp.c,128
gemm.openmpzwch6vmj04e5s9cp,4,8578,530440,615818,gemm.openmp.c,128
gemm.openmpzwch6vmj04e5s9cp,4,10022,530440,625506,gemm.openmp.c,128
gemm.openmpzwch6vmj04e5s9cp,4,18602,530440,624742,gemm.openmp.c,128
gemm.openmpzwch6vmj04e5s9cp,4,12413,530440,643328,gemm.openmp.c,128
gemm.openmpzwch6vmj04e5s9cp,4,7235,530440,639501,gemm.openmp.c,128
gemm.openmpzwch6vmj04e5s9cp,4,9315,530440,629399,gemm.openmp.c,128
gemm.openmpzwch6vmj04e5s9cp,4,23029,530440,641152,gemm.openmp.c,128
gemm.openmpzwch6vmj04e5s9cp,4,9288,530440,623392,gemm.openmp.c,128
gemm.openmpzwch6vmj04e5s9cp,4,18528,530440,625315,gemm.openmp.c,128
gemm.openmpzwch6vmj04e5s9cp,4,16835,530440,630118,gemm.openmp.c,128
gemm.openmpzwch6vmj04e5s9cp,4,23087,530440,627563,gemm.openmp.c,128
gemm.openmpzwch6vmj04e5s9cp,4,19203,530440,623762,gemm.openmp.c,128
gemm.openmpzwch6vmj04e5s9cp,4,13536,530440,625270,gemm.openmp.c,128
gemm.openmpzwch6vmj04e5s9cp,4,21515,530440,626297,gemm.openmp.c,128
gemm.openmpzwch6vmj04e5s9cp,4,18590,530440,627503,gemm.openmp.c,128
gemm.openmpzwch6vmj04e5s9cp,4,12692,530440,637066,gemm.openmp.c,128
gemm.openmpzwch6vmj04e5s9cp,4,10804,530440,607300,gemm.openmp.c,128
gemm.openmpzwch6vmj04e5s9cp,4,20843,530440,627858,gemm.openmp.c,128
gemm.openmpzwch6vmj04e5s9cp,4,9895,530440,639618,gemm.openmp.c,128
gemm.openmpzwch6vmj04e5s9cp,5,13196,430984,513160,gemm.openmp.c,128
gemm.openmpzwch6vmj04e5s9cp,5,14387,430984,512723,gemm.openmp.c,128
gemm.openmpzwch6vmj04e5s9cp,5,20228,430984,515535,gemm.openmp.c,128
gemm.openmpzwch6vmj04e5s9cp,5,15224,430984,521509,gemm.openmp.c,128
gemm.openmpzwch6vmj04e5s9cp,5,19688,430984,523115,gemm.openmp.c,128
gemm.openmpzwch6vmj04e5s9cp,5,18193,430984,536698,gemm.openmp.c,128
gemm.openmpzwch6vmj04e5s9cp,5,10773,430984,509181,gemm.openmp.c,128
gemm.openmpzwch6vmj04e5s9cp,5,7987,430984,510831,gemm.openmp.c,128
gemm.openmpzwch6vmj04e5s9cp,5,14042,430984,511676,gemm.openmp.c,128
gemm.openmpzwch6vmj04e5s9cp,5,60836,430984,530836,gemm.openmp.c,128
gemm.openmpzwch6vmj04e5s9cp,5,24232,430984,502136,gemm.openmp.c,128
gemm.openmpzwch6vmj04e5s9cp,5,9585,430984,512226,gemm.openmp.c,128
gemm.openmpzwch6vmj04e5s9cp,5,20404,430984,514952,gemm.openmp.c,128
gemm.openmpzwch6vmj04e5s9cp,5,14076,430984,514726,gemm.openmp.c,128
gemm.openmpzwch6vmj04e5s9cp,5,16868,430984,513565,gemm.openmp.c,128
gemm.openmpzwch6vmj04e5s9cp,5,23991,430984,519043,gemm.openmp.c,128
gemm.openmpzwch6vmj04e5s9cp,5,21566,430984,531502,gemm.openmp.c,128
gemm.openmpzwch6vmj04e5s9cp,5,22350,430984,513764,gemm.openmp.c,128
gemm.openmpzwch6vmj04e5s9cp,5,8231,430984,522976,gemm.openmp.c,128
gemm.openmpzwch6vmj04e5s9cp,5,14360,430984,512617,gemm.openmp.c,128
gemm.openmpzwch6vmj04e5s9cp,6,12532,364680,436666,gemm.openmp.c,128
gemm.openmpzwch6vmj04e5s9cp,6,13733,364680,435988,gemm.openmp.c,128
gemm.openmpzwch6vmj04e5s9cp,6,9516,364680,433882,gemm.openmp.c,128
gemm.openmpzwch6vmj04e5s9cp,6,7803,364680,467827,gemm.openmp.c,128
gemm.openmpzwch6vmj04e5s9cp,6,15305,364680,434736,gemm.openmp.c,128
gemm.openmpzwch6vmj04e5s9cp,6,15884,364680,427391,gemm.openmp.c,128
gemm.openmpzwch6vmj04e5s9cp,6,15234,364680,436838,gemm.openmp.c,128
gemm.openmpzwch6vmj04e5s9cp,6,9727,364680,436892,gemm.openmp.c,128
gemm.openmpzwch6vmj04e5s9cp,6,10419,364680,437723,gemm.openmp.c,128
gemm.openmpzwch6vmj04e5s9cp,6,9843,364680,433923,gemm.openmp.c,128
gemm.openmpzwch6vmj04e5s9cp,6,16315,364680,435389,gemm.openmp.c,128
gemm.openmpzwch6vmj04e5s9cp,6,15444,364680,464882,gemm.openmp.c,128
gemm.openmpzwch6vmj04e5s9cp,6,16904,364680,437096,gemm.openmp.c,128
gemm.openmpzwch6vmj04e5s9cp,6,21524,364680,440820,gemm.openmp.c,128
gemm.openmpzwch6vmj04e5s9cp,6,10290,364680,443605,gemm.openmp.c,128
gemm.openmpzwch6vmj04e5s9cp,6,9786,364680,433622,gemm.openmp.c,128
gemm.openmpzwch6vmj04e5s9cp,6,13471,364680,440116,gemm.openmp.c,128
gemm.openmpzwch6vmj04e5s9cp,6,13772,364680,435365,gemm.openmp.c,128
gemm.openmpzwch6vmj04e5s9cp,6,17348,364680,436456,gemm.openmp.c,128
gemm.openmpzwch6vmj04e5s9cp,6,9990,364680,434847,gemm.openmp.c,128
gemm.openmpzwch6vmj04e5s9cp,7,10297,314952,380147,gemm.openmp.c,128
gemm.openmpzwch6vmj04e5s9cp,7,12702,314952,381276,gemm.openmp.c,128
gemm.openmpzwch6vmj04e5s9cp,7,14109,314952,384901,gemm.openmp.c,128
gemm.openmpzwch6vmj04e5s9cp,7,10403,314952,402164,gemm.openmp.c,128
gemm.openmpzwch6vmj04e5s9cp,7,7748,314952,379689,gemm.openmp.c,128
gemm.openmpzwch6vmj04e5s9cp,7,17036,314952,372484,gemm.openmp.c,128
gemm.openmpzwch6vmj04e5s9cp,7,7825,314952,381071,gemm.openmp.c,128
gemm.openmpzwch6vmj04e5s9cp,7,12758,314952,381681,gemm.openmp.c,128
gemm.openmpzwch6vmj04e5s9cp,7,8034,314952,390745,gemm.openmp.c,128
gemm.openmpzwch6vmj04e5s9cp,7,9784,314952,387047,gemm.openmp.c,128
gemm.openmpzwch6vmj04e5s9cp,7,13551,314952,380343,gemm.openmp.c,128
gemm.openmpzwch6vmj04e5s9cp,7,14520,314952,389650,gemm.openmp.c,128
gemm.openmpzwch6vmj04e5s9cp,7,23887,314952,385193,gemm.openmp.c,128
gemm.openmpzwch6vmj04e5s9cp,7,17725,314952,390509,gemm.openmp.c,128
gemm.openmpzwch6vmj04e5s9cp,7,11436,314952,381871,gemm.openmp.c,128
gemm.openmpzwch6vmj04e5s9cp,7,14898,314952,387973,gemm.openmp.c,128
gemm.openmpzwch6vmj04e5s9cp,7,9019,314952,382545,gemm.openmp.c,128
gemm.openmpzwch6vmj04e5s9cp,7,12058,314952,383278,gemm.openmp.c,128
gemm.openmpzwch6vmj04e5s9cp,7,19368,314952,386417,gemm.openmp.c,128
gemm.openmpzwch6vmj04e5s9cp,7,10887,314952,390089,gemm.openmp.c,128
gemm.openmpzwch6vmj04e5s9cp,8,10167,265224,340147,gemm.openmp.c,128
gemm.openmpzwch6vmj04e5s9cp,8,42710,265224,321010,gemm.openmp.c,128
gemm.openmpzwch6vmj04e5s9cp,8,12757,265224,335841,gemm.openmp.c,128
gemm.openmpzwch6vmj04e5s9cp,8,17146,265224,348982,gemm.openmp.c,128
gemm.openmpzwch6vmj04e5s9cp,8,10995,265224,339834,gemm.openmp.c,128
gemm.openmpzwch6vmj04e5s9cp,8,10532,265224,342883,gemm.openmp.c,128
gemm.openmpzwch6vmj04e5s9cp,8,12714,265224,336593,gemm.openmp.c,128
gemm.openmpzwch6vmj04e5s9cp,8,11041,265224,339418,gemm.openmp.c,128
gemm.openmpzwch6vmj04e5s9cp,8,21573,265224,317423,gemm.openmp.c,128
gemm.openmpzwch6vmj04e5s9cp,8,12562,265224,338440,gemm.openmp.c,128
gemm.openmpzwch6vmj04e5s9cp,8,12328,265224,320670,gemm.openmp.c,128
gemm.openmpzwch6vmj04e5s9cp,8,16642,265224,316273,gemm.openmp.c,128
gemm.openmpzwch6vmj04e5s9cp,8,12553,265224,329902,gemm.openmp.c,128
gemm.openmpzwch6vmj04e5s9cp,8,9661,265224,360248,gemm.openmp.c,128
gemm.openmpzwch6vmj04e5s9cp,8,14769,265224,348870,gemm.openmp.c,128
gemm.openmpzwch6vmj04e5s9cp,8,10748,265224,313461,gemm.openmp.c,128
gemm.openmpzwch6vmj04e5s9cp,8,11597,265224,362895,gemm.openmp.c,128
gemm.openmpzwch6vmj04e5s9cp,8,16767,265224,343769,gemm.openmp.c,128
gemm.openmpzwch6vmj04e5s9cp,8,15156,265224,347290,gemm.openmp.c,128
gemm.openmpzwch6vmj04e5s9cp,8,11014,265224,335015,gemm.openmp.c,128
