id,threads,instr,cyc,stall_cyc,l1d_miss,l2d_acc,l2d_miss,l3_acc,dtlb_m,itlb_m,vec_sp,vec_dp,sp_op,dp_op,fp_scl_sin,fp_scl_dbl,lst_instr,source
gemm.evallab.papi0y379n8gwgbww6px,1,151719000,115843270,65493222,17134758,17101651,40216136,40216527,19248,4,0,50364416,0,50397184,0,50331648,50494850,gemm.evallab.c
gemm.evallab.papi0y379n8gwgbww6px,1,151718999,118107175,66658104,17151252,17117360,41189253,41125532,20912,4,0,50364416,0,50397184,0,50331648,50495253,gemm.evallab.c
gemm.evallab.papi0y379n8gwgbww6px,1,151719000,115871917,64618166,17162907,17132542,40460141,40462267,22350,3,0,50364416,0,50397184,0,50331648,50495621,gemm.evallab.c
gemm.evallab.papi0y379n8gwgbww6px,1,151719001,117444810,66071330,17135377,17103058,40248057,40245732,20549,6,0,50364416,0,50397184,0,50331648,50495613,gemm.evallab.c
gemm.evallab.papi0y379n8gwgbww6px,1,151719000,117648329,66363430,17218278,17217314,39570299,39580796,20748,3,0,50364416,0,50397184,0,50331648,50495610,gemm.evallab.c
gemm.evallab.papi0y379n8gwgbww6px,1,151719000,115814233,64515472,17149583,17151186,39253011,39248011,21761,3,0,50364416,0,50397184,0,50331648,50495625,gemm.evallab.c
gemm.evallab.papi0y379n8gwgbww6px,1,151719002,126050985,73932371,17204625,17172186,40104053,40109507,21947,3,0,50364416,0,50397184,0,50331648,50494867,gemm.evallab.c
gemm.evallab.papi0y379n8gwgbww6px,1,151719001,117434815,66182672,17184877,17182845,40047639,39937856,21998,6,0,50364416,0,50397184,0,50331648,50495607,gemm.evallab.c
gemm.evallab.papi0y379n8gwgbww6px,1,151719000,123680467,72151256,17232541,17202695,39693676,39693235,19700,6,0,50364416,0,50397184,0,50331648,50495605,gemm.evallab.c
gemm.evallab.papi0y379n8gwgbww6px,1,151719001,117120435,65763945,17166661,17167058,39450484,39440838,20707,4,0,50364416,0,50397184,0,50331648,50495621,gemm.evallab.c
gemm.evallab.papi0y379n8gwgbww6px,2,151719001,125129995,72052620,17212085,17193008,39600822,39539129,21711,3,0,50364416,0,50397184,0,50331648,50493420,gemm.evallab.c
gemm.evallab.papi0y379n8gwgbww6px,2,151718999,117497334,66246064,17161432,17129297,39584547,39592203,20329,4,0,50364416,0,50397184,0,50331648,50495450,gemm.evallab.c
gemm.evallab.papi0y379n8gwgbww6px,2,151719002,124916234,73345878,17211765,17174522,40750667,40669859,22009,3,0,50364416,0,50397184,0,50331648,50495607,gemm.evallab.c
gemm.evallab.papi0y379n8gwgbww6px,2,151719002,124247796,72985302,17194346,17162477,39575968,39747392,21239,3,0,50364416,0,50397184,0,50331648,50495435,gemm.evallab.c
gemm.evallab.papi0y379n8gwgbww6px,2,151719001,116135198,65001750,17162325,17132383,39781377,39778654,22014,6,0,50364416,0,50397184,0,50331648,50494886,gemm.evallab.c
gemm.evallab.papi0y379n8gwgbww6px,2,151719000,116893814,65566342,17143807,17108677,39998742,39977151,21795,4,0,50364416,0,50397184,0,50331648,50495624,gemm.evallab.c
gemm.evallab.papi0y379n8gwgbww6px,2,151718999,116102882,64704479,17150809,17118482,39308248,39285652,20162,7,0,50364416,0,50397184,0,50331648,50494996,gemm.evallab.c
gemm.evallab.papi0y379n8gwgbww6px,2,151719000,116582502,65296312,17190948,17164056,40092177,40092648,21303,4,0,50364416,0,50397184,0,50331648,50495623,gemm.evallab.c
gemm.evallab.papi0y379n8gwgbww6px,2,151719000,117333746,66032704,17161360,17131856,40708904,40721658,20335,4,0,50364416,0,50397184,0,50331648,50495607,gemm.evallab.c
gemm.evallab.papi0y379n8gwgbww6px,2,151719000,117572399,66316967,17163898,17132379,41380772,41392214,20487,7,0,50364416,0,50397184,0,50331648,50495625,gemm.evallab.c
gemm.evallab.papi0y379n8gwgbww6px,3,151719001,123293235,71900947,17178368,17177254,39006852,38935798,21085,6,0,50364416,0,50397184,0,50331648,50495607,gemm.evallab.c
gemm.evallab.papi0y379n8gwgbww6px,3,151719000,117916807,66554910,17164766,17136563,40189358,40192098,21417,4,0,50364416,0,50397184,0,50331648,50495624,gemm.evallab.c
gemm.evallab.papi0y379n8gwgbww6px,3,151719003,126535313,74826403,17194683,17194258,41294418,41288304,19881,3,0,50364416,0,50397184,0,50331648,50495605,gemm.evallab.c
gemm.evallab.papi0y379n8gwgbww6px,3,151718999,109697438,58803799,17071250,17037540,41566390,41572064,21096,5,0,50364416,0,50397184,0,50331648,50495623,gemm.evallab.c
gemm.evallab.papi0y379n8gwgbww6px,3,151718999,115708004,64597129,17198594,17178711,39273963,39271967,20844,5,0,50364416,0,50397184,0,50331648,50495605,gemm.evallab.c
gemm.evallab.papi0y379n8gwgbww6px,3,151718999,116361618,65031794,17167287,17132262,39378541,39390464,21220,7,0,50364416,0,50397184,0,50331648,50495401,gemm.evallab.c
gemm.evallab.papi0y379n8gwgbww6px,3,151718999,116502133,65352519,17214540,17183105,39838045,39797005,21916,3,0,50364416,0,50397184,0,50331648,50495611,gemm.evallab.c
gemm.evallab.papi0y379n8gwgbww6px,3,151719000,117208243,65745995,17134970,17106529,40573781,40560206,21519,2,0,50364416,0,50397184,0,50331648,50494364,gemm.evallab.c
gemm.evallab.papi0y379n8gwgbww6px,3,151719001,116600260,64695132,17138363,17106066,39446982,39454182,19970,6,0,50364416,0,50397184,0,50331648,50495492,gemm.evallab.c
gemm.evallab.papi0y379n8gwgbww6px,3,151718998,110962518,60117582,17094114,17091415,40858741,40866611,20279,5,0,50364416,0,50397184,0,50331648,50495622,gemm.evallab.c
gemm.evallab.papi0y379n8gwgbww6px,4,151719000,122899595,64213823,17146672,17112149,39826743,39819672,21545,5,0,50364416,0,50397184,0,50331648,50495623,gemm.evallab.c
gemm.evallab.papi0y379n8gwgbww6px,4,151718999,116405995,65225767,17147023,17118337,40144726,40134211,20735,5,0,50364416,0,50397184,0,50331648,50495607,gemm.evallab.c
gemm.evallab.papi0y379n8gwgbww6px,4,151718999,116232354,64940584,17182241,17152099,40001563,39997121,21193,4,0,50364416,0,50397184,0,50331648,50495454,gemm.evallab.c
gemm.evallab.papi0y379n8gwgbww6px,4,151719001,117231692,65824584,17125097,17101894,40022907,39998435,22249,7,0,50364416,0,50397184,0,50331648,50495627,gemm.evallab.c
gemm.evallab.papi0y379n8gwgbww6px,4,151718999,116714088,65426686,17139890,17105299,40281331,40307411,20181,5,0,50364416,0,50397184,0,50331648,50494943,gemm.evallab.c
gemm.evallab.papi0y379n8gwgbww6px,4,151719000,116284464,65184963,17207900,17168388,39637384,39641654,20796,3,0,50364416,0,50397184,0,50331648,50495125,gemm.evallab.c
gemm.evallab.papi0y379n8gwgbww6px,4,151719000,117285491,64387931,17114953,17088936,40010298,39938377,20330,2,0,50364416,0,50397184,0,50331648,50494731,gemm.evallab.c
gemm.evallab.papi0y379n8gwgbww6px,4,151718999,110601631,59867880,17129734,17097964,40616748,40584094,21398,5,0,50364416,0,50397184,0,50331648,50495623,gemm.evallab.c
gemm.evallab.papi0y379n8gwgbww6px,4,151718999,117878233,66501144,17198882,17167709,40967248,40976239,21668,4,0,50364416,0,50397184,0,50331648,50494216,gemm.evallab.c
gemm.evallab.papi0y379n8gwgbww6px,4,151719000,116593147,64429887,17172538,17136045,39335982,39289405,21793,6,0,50364416,0,50397184,0,50331648,50495625,gemm.evallab.c
gemm.evallab.papi0y379n8gwgbww6px,5,151718998,110943027,60150300,17100509,17076473,39533122,39529039,19964,2,0,50364416,0,50397184,0,50331648,50495607,gemm.evallab.c
gemm.evallab.papi0y379n8gwgbww6px,5,151719000,109159861,58384861,17088867,17056678,41946531,41944929,21442,5,0,50364416,0,50397184,0,50331648,50495331,gemm.evallab.c
gemm.evallab.papi0y379n8gwgbww6px,5,151718999,117964199,65967439,17127650,17123820,40675860,40581723,21178,5,0,50364416,0,50397184,0,50331648,50495621,gemm.evallab.c
gemm.evallab.papi0y379n8gwgbww6px,5,151719001,111319736,60312153,17124429,17091197,41013695,41003725,19270,4,0,50364416,0,50397184,0,50331648,50495611,gemm.evallab.c
gemm.evallab.papi0y379n8gwgbww6px,5,151719000,116850413,65746259,17185128,17181716,39359361,39353090,20490,4,0,50364416,0,50397184,0,50331648,50495623,gemm.evallab.c
gemm.evallab.papi0y379n8gwgbww6px,5,151719000,117654743,66304977,17149848,17116369,41483147,41466339,21257,7,0,50364416,0,50397184,0,50331648,50495324,gemm.evallab.c
gemm.evallab.papi0y379n8gwgbww6px,5,151718998,111576482,60283091,17079038,17079880,40677458,40679217,19351,4,0,50364416,0,50397184,0,50331648,50495616,gemm.evallab.c
gemm.evallab.papi0y379n8gwgbww6px,5,151718999,110750498,59961664,17115107,17084143,39601408,39606028,19658,3,0,50364416,0,50397184,0,50331648,50495422,gemm.evallab.c
gemm.evallab.papi0y379n8gwgbww6px,5,151718999,117132869,65864071,17149493,17119657,41104197,41098994,21533,5,0,50364416,0,50397184,0,50331648,50477295,gemm.evallab.c
gemm.evallab.papi0y379n8gwgbww6px,5,151718999,110873692,59851409,17103946,17102316,40233242,39963624,21279,7,0,50364416,0,50397184,0,50331648,50495621,gemm.evallab.c
gemm.evallab.papi0y379n8gwgbww6px,6,151718998,111100544,60327265,17163342,17131667,40710512,40705064,21680,7,0,50364416,0,50397184,0,50331648,50495609,gemm.evallab.c
gemm.evallab.papi0y379n8gwgbww6px,6,151718999,116741312,65530611,17189813,17188777,40506541,40497465,20965,2,0,50364416,0,50397184,0,50331648,50495626,gemm.evallab.c
gemm.evallab.papi0y379n8gwgbww6px,6,151718999,116552226,65220501,17191222,17163780,40174082,40177251,20693,5,0,50364416,0,50397184,0,50331648,50495609,gemm.evallab.c
gemm.evallab.papi0y379n8gwgbww6px,6,151719000,116409018,65120339,17147084,17113930,39507660,39520044,21925,5,0,50364416,0,50397184,0,50331648,50495615,gemm.evallab.c
gemm.evallab.papi0y379n8gwgbww6px,6,151719001,117419755,66007605,17138598,17105081,40308168,40300807,20438,5,0,50364416,0,50397184,0,50331648,50495610,gemm.evallab.c
gemm.evallab.papi0y379n8gwgbww6px,6,151718998,110884754,60070926,17094327,17062065,40308126,40300700,19372,8,0,50364416,0,50397184,0,50331648,50495624,gemm.evallab.c
gemm.evallab.papi0y379n8gwgbww6px,6,151719000,116347607,65113551,17181170,17149703,40318854,40236593,21313,1,0,50364416,0,50397184,0,50331648,50495615,gemm.evallab.c
gemm.evallab.papi0y379n8gwgbww6px,6,151718999,110842803,60020532,17097386,17082860,40405597,40403545,19766,4,0,50364416,0,50397184,0,50331648,50495611,gemm.evallab.c
gemm.evallab.papi0y379n8gwgbww6px,6,151719000,115714240,64494663,17168783,17138057,39674726,39617113,22371,1,0,50364416,0,50397184,0,50331648,50495608,gemm.evallab.c
gemm.evallab.papi0y379n8gwgbww6px,6,151718999,116095534,65261715,17172977,17168134,40143248,40144537,20752,2,0,50364416,0,50397184,0,50331648,50495625,gemm.evallab.c
gemm.evallab.papi0y379n8gwgbww6px,7,151719001,117608490,64558212,17175729,17140982,40008875,39833802,20355,3,0,50364416,0,50397184,0,50331648,50495610,gemm.evallab.c
gemm.evallab.papi0y379n8gwgbww6px,7,151719000,116996717,65590342,17146416,17111794,40202963,40206318,21174,5,0,50364416,0,50397184,0,50331648,50495446,gemm.evallab.c
gemm.evallab.papi0y379n8gwgbww6px,7,151718999,116703317,65601223,17154766,17123787,41133870,41129196,20561,6,0,50364416,0,50397184,0,50331648,50495214,gemm.evallab.c
gemm.evallab.papi0y379n8gwgbww6px,7,151719000,110015468,59254845,17038635,17007136,41565634,41553449,19477,7,0,50364416,0,50397184,0,50331648,50495607,gemm.evallab.c
gemm.evallab.papi0y379n8gwgbww6px,7,151719000,116847678,65658982,17159415,17135126,39789491,39786823,21865,4,0,50364416,0,50397184,0,50331648,50495003,gemm.evallab.c
gemm.evallab.papi0y379n8gwgbww6px,7,151718999,116537087,64969231,17150676,17116240,40154483,40177662,21286,7,0,50364416,0,50397184,0,50331648,50495609,gemm.evallab.c
gemm.evallab.papi0y379n8gwgbww6px,7,151719002,126277046,74521626,17211250,17181121,41170161,41173157,21359,3,0,50364416,0,50397184,0,50331648,50495612,gemm.evallab.c
gemm.evallab.papi0y379n8gwgbww6px,7,151719001,116543720,65223890,17132351,17099570,40421833,40426065,22146,3,0,50364416,0,50397184,0,50331648,50495406,gemm.evallab.c
gemm.evallab.papi0y379n8gwgbww6px,7,151718999,109282967,58617532,17071039,17034030,41627135,41643264,20037,3,0,50364416,0,50397184,0,50331648,50495606,gemm.evallab.c
gemm.evallab.papi0y379n8gwgbww6px,7,151718998,109750727,58921231,17057853,17025333,41463894,41479372,20329,3,0,50364416,0,50397184,0,50331648,50495612,gemm.evallab.c
gemm.evallab.papi0y379n8gwgbww6px,8,151719000,118218000,66848382,17157422,17131364,41256286,41248862,21696,3,0,50364416,0,50397184,0,50331648,50495611,gemm.evallab.c
gemm.evallab.papi0y379n8gwgbww6px,8,151718998,111165891,59898028,17078016,17046476,41246685,40895867,21509,8,0,50364416,0,50397184,0,50331648,50495260,gemm.evallab.c
gemm.evallab.papi0y379n8gwgbww6px,8,151719000,118314938,66939167,17162907,17129651,42110782,42125019,20820,1,0,50364416,0,50397184,0,50331648,50495607,gemm.evallab.c
gemm.evallab.papi0y379n8gwgbww6px,8,151719000,117176847,65418949,17165209,17135251,39560638,39555785,21413,3,0,50364416,0,50397184,0,50331648,50495607,gemm.evallab.c
gemm.evallab.papi0y379n8gwgbww6px,8,151719000,115046804,63953435,17158014,17159766,39226111,39233312,21129,3,0,50364416,0,50397184,0,50331648,50495624,gemm.evallab.c
gemm.evallab.papi0y379n8gwgbww6px,8,151719000,116445750,65256126,17170710,17140858,39875913,39886672,21609,7,0,50364416,0,50397184,0,50331648,50495611,gemm.evallab.c
gemm.evallab.papi0y379n8gwgbww6px,8,151719000,116800970,65512785,17144168,17143887,40788717,40792806,20339,6,0,50364416,0,50397184,0,50331648,50495624,gemm.evallab.c
gemm.evallab.papi0y379n8gwgbww6px,8,151719000,116986523,65663729,17189615,17156291,40147421,40152965,20726,4,0,50364416,0,50397184,0,50331648,50495621,gemm.evallab.c
gemm.evallab.papi0y379n8gwgbww6px,8,151718998,110017118,58955579,17086554,17052395,41633663,41547263,20148,2,0,50364416,0,50397184,0,50331648,50495254,gemm.evallab.c
gemm.evallab.papi0y379n8gwgbww6px,8,151719000,117171913,65913360,17131885,17099639,40725866,40717247,21113,4,0,50364416,0,50397184,0,50331648,50495625,gemm.evallab.c
