id,threads,instr,cyc,stall_cyc,l1d_miss,l2d_acc,l2d_miss,l3_acc,dtlb_m,itlb_m,vec_sp,vec_dp,sp_op,dp_op,fp_scl_sin,fp_scl_dbl,lst_instr,source,n
gemm.openmp.papib81n49sek9rg08de,1,545804651,165623147,19309461,16785341,6964950,33756885,33718233,259200,151,0,134610952,0,268959752,0,262152,202381814,gemm.openmp.c,512
gemm.openmp.papib81n49sek9rg08de,1,545804651,165877731,19175173,16785391,6859459,33547231,33545858,258947,27,0,134610952,0,268959752,0,262152,202374443,gemm.openmp.c,512
gemm.openmp.papib81n49sek9rg08de,1,545804650,165599149,19187927,16784809,6871796,33595279,33635823,259047,113,0,134610952,0,268959752,0,262152,202381876,gemm.openmp.c,512
gemm.openmp.papib81n49sek9rg08de,1,545804651,166269108,19592938,16784120,6771102,33626403,33608437,259021,170,0,134610952,0,268959752,0,262152,202381845,gemm.openmp.c,512
gemm.openmp.papib81n49sek9rg08de,1,545804675,166020051,18892997,16788455,6853990,33623296,33446612,258673,33,0,134610952,0,268959752,0,262152,202381864,gemm.openmp.c,512
gemm.openmp.papib81n49sek9rg08de,1,545804675,166680710,19593186,16790132,6841533,33547416,33498792,2104,21,0,134610952,0,268959752,0,262152,202381860,gemm.openmp.c,512
gemm.openmp.papib81n49sek9rg08de,1,545804675,166761465,19876836,16788006,6768894,33496356,33491478,259013,147,0,134610952,0,268959752,0,262152,202381859,gemm.openmp.c,512
gemm.openmp.papib81n49sek9rg08de,1,545804674,166852062,19553774,16784358,6860955,33660864,33631043,258941,50,0,134610952,0,268959752,0,262152,202381828,gemm.openmp.c,512
gemm.openmp.papib81n49sek9rg08de,1,545804675,166705800,19836059,16785356,6775651,33615907,33489459,258970,58,0,134610952,0,268959752,0,262152,202381889,gemm.openmp.c,512
gemm.openmp.papib81n49sek9rg08de,1,545804673,168087570,19739483,16785282,6847493,33649949,33648581,258889,187,0,134610952,0,268959752,0,262152,202381787,gemm.openmp.c,512
gemm.openmp.papib81n49sek9rg08de,2,272905355,83197756,9981711,8394424,3378819,16792318,16841434,129683,20,0,67305480,0,134479880,0,131080,101191944,gemm.openmp.c,512
gemm.openmp.papib81n49sek9rg08de,2,272905356,83319080,9843865,8392694,3392880,16874887,16869033,129848,27,0,67305480,0,134479880,0,131080,101191973,gemm.openmp.c,512
gemm.openmp.papib81n49sek9rg08de,2,272905344,83247959,9888338,8392446,3404630,16877782,16877413,129722,16,0,67305480,0,134479880,0,131080,101191927,gemm.openmp.c,512
gemm.openmp.papib81n49sek9rg08de,2,272905343,83112365,9638686,8392232,3377155,16778523,16791187,129740,31,0,67305480,0,134479880,0,131080,101191971,gemm.openmp.c,512
gemm.openmp.papib81n49sek9rg08de,2,272905344,83210007,9517106,8394127,3428965,16867732,16877191,129671,19,0,67305480,0,134479880,0,131080,101191927,gemm.openmp.c,512
gemm.openmp.papib81n49sek9rg08de,2,272905345,83285040,9951874,8392967,3388960,16839449,16844858,129759,28,0,67305480,0,134479880,0,131080,101191980,gemm.openmp.c,512
gemm.openmp.papib81n49sek9rg08de,2,272905344,83241592,9579944,8393327,3419362,16849473,16841360,129726,23,0,67305480,0,134479880,0,131080,101191971,gemm.openmp.c,512
gemm.openmp.papib81n49sek9rg08de,2,272905346,82906273,9543918,8393165,3417396,16880133,16866122,129776,34,0,67305480,0,134479880,0,131080,101191976,gemm.openmp.c,512
gemm.openmp.papib81n49sek9rg08de,2,272905343,83083929,9806637,8393092,3421318,16882052,16896993,129833,38,0,67305480,0,134479880,0,131080,101191865,gemm.openmp.c,512
gemm.openmp.papib81n49sek9rg08de,2,272905344,83755509,9459910,8392546,3401712,16883040,16888641,129838,25,0,67305480,0,134479880,0,131080,101191972,gemm.openmp.c,512
gemm.openmp.papib81n49sek9rg08de,3,182376910,57979353,6472546,5607585,2291070,11264558,11258574,86840,14,0,44957960,0,89828360,0,87560,67605332,gemm.openmp.c,512
gemm.openmp.papib81n49sek9rg08de,3,182329997,57338202,6460716,5606408,2279213,11278356,11283328,86770,85,0,44957960,0,89828360,0,87560,67606835,gemm.openmp.c,512
gemm.openmp.papib81n49sek9rg08de,3,182369664,57633578,6483179,5607513,2268929,11263104,11261164,86669,93,0,44957960,0,89828360,0,87560,67605509,gemm.openmp.c,512
gemm.openmp.papib81n49sek9rg08de,3,182362545,58291185,6552231,5606511,2279637,11277527,11293435,86737,39,0,44957960,0,89828360,0,87560,67606868,gemm.openmp.c,512
gemm.openmp.papib81n49sek9rg08de,3,182366633,58254898,6432027,5606358,2288577,11263625,11264139,86747,62,0,44957960,0,89828360,0,87560,67606126,gemm.openmp.c,512
gemm.openmp.papib81n49sek9rg08de,3,182379213,57714337,6491269,5607145,2288656,11273022,11281698,86678,71,0,44957960,0,89828360,0,87560,67606037,gemm.openmp.c,512
gemm.openmp.papib81n49sek9rg08de,3,182332264,57313084,6415574,5606040,2287008,11247161,11253755,86684,38,0,44957960,0,89828360,0,87560,67605991,gemm.openmp.c,512
gemm.openmp.papib81n49sek9rg08de,3,182382320,57968869,6471848,5606681,2291729,11287670,11287816,86778,65,0,44957960,0,89828360,0,87560,67605194,gemm.openmp.c,512
gemm.openmp.papib81n49sek9rg08de,3,182372430,57458207,6517510,5606720,2268808,11241426,11243771,86725,83,0,44957960,0,89828360,0,87560,67605665,gemm.openmp.c,512
gemm.openmp.papib81n49sek9rg08de,3,182356420,57603708,6420973,5606096,2277145,11261402,11266554,86790,65,0,44957960,0,89828360,0,87560,67625157,gemm.openmp.c,512
gemm.openmp.papib81n49sek9rg08de,4,136461562,43596896,6141783,4196593,1571362,8417605,8421337,63923,30,0,33652744,0,67239944,0,65544,50599794,gemm.openmp.c,512
gemm.openmp.papib81n49sek9rg08de,4,136457553,42558250,5815592,4197030,1585786,8429514,8436287,63881,21,0,33652744,0,67239944,0,65544,50598557,gemm.openmp.c,512
gemm.openmp.papib81n49sek9rg08de,4,136456278,43790309,6054811,4197012,1573462,8424971,8426537,64011,20,0,33652744,0,67239944,0,65544,50598662,gemm.openmp.c,512
gemm.openmp.papib81n49sek9rg08de,4,136456277,42760534,5981913,4196994,1590138,8442429,8445638,63786,46,0,33652744,0,67239944,0,65544,50599264,gemm.openmp.c,512
gemm.openmp.papib81n49sek9rg08de,4,136464112,43402709,5910639,4196856,1595445,8460256,8459123,63832,21,0,33652744,0,67239944,0,65544,50599926,gemm.openmp.c,512
gemm.openmp.papib81n49sek9rg08de,4,136457280,43709414,5850760,4196920,1585271,8420838,8417693,63708,27,0,33652744,0,67239944,0,65544,50600103,gemm.openmp.c,512
gemm.openmp.papib81n49sek9rg08de,4,136456278,43063391,5952995,4197496,1588562,8421587,8421464,63719,57,0,33652744,0,67239944,0,65544,50597926,gemm.openmp.c,512
gemm.openmp.papib81n49sek9rg08de,4,136473534,42689199,5887304,4196570,1603395,8465627,8466246,63945,15,0,33652744,0,67239944,0,65544,50599646,gemm.openmp.c,512
gemm.openmp.papib81n49sek9rg08de,4,136456278,42863640,5893766,4196661,1587928,8440553,8431682,63967,27,0,33652744,0,67239944,0,65544,50597771,gemm.openmp.c,512
gemm.openmp.papib81n49sek9rg08de,4,136465345,42601912,5842430,4196695,1601011,8462320,8469964,63898,27,0,33652744,0,67239944,0,65544,50599989,gemm.openmp.c,512
gemm.openmp.papib81n49sek9rg08de,5,109830327,34588924,4885110,3377511,1263200,6811626,6802431,51483,20,0,27079944,0,54107144,0,52744,40715836,gemm.openmp.c,512
gemm.openmp.papib81n49sek9rg08de,5,109806203,34586732,5012176,3377437,1263913,6800368,6798387,51432,16,0,27079944,0,54107144,0,52744,40715651,gemm.openmp.c,512
gemm.openmp.papib81n49sek9rg08de,5,109810972,34499510,4927229,3377379,1268575,6788270,6792386,51461,26,0,27079944,0,54107144,0,52744,40715858,gemm.openmp.c,512
gemm.openmp.papib81n49sek9rg08de,5,109806202,34554896,4726972,3377305,1277507,6811773,6794752,51542,90,0,27079944,0,54107144,0,52744,40715649,gemm.openmp.c,512
gemm.openmp.papib81n49sek9rg08de,5,109807914,34853680,4875041,3377726,1275110,6798365,6803491,51464,24,0,27079944,0,54107144,0,52744,40715625,gemm.openmp.c,512
gemm.openmp.papib81n49sek9rg08de,5,109806203,34532816,4842165,3377188,1281419,6828082,6833236,51502,10,0,27079944,0,54107144,0,52744,40718631,gemm.openmp.c,512
gemm.openmp.papib81n49sek9rg08de,5,109810965,34078191,4488276,3377317,1291751,6824908,6831869,51532,15,0,27079944,0,54107144,0,52744,40715891,gemm.openmp.c,512
gemm.openmp.papib81n49sek9rg08de,5,109806203,34711206,4667987,3377255,1283132,6835101,6837216,51554,23,0,27079944,0,54107144,0,52744,40715610,gemm.openmp.c,512
gemm.openmp.papib81n49sek9rg08de,5,109807604,34298513,4716270,3377388,1281718,6813531,6815205,51509,17,0,27079944,0,54107144,0,52744,40715649,gemm.openmp.c,512
gemm.openmp.papib81n49sek9rg08de,5,109819547,34498708,4825440,3378213,1282587,6812156,6827959,51487,38,0,27079944,0,54107144,0,52744,40715665,gemm.openmp.c,512
gemm.openmp.papib81n49sek9rg08de,6,91684221,28775076,3906111,2820137,1077197,5697386,5692828,43018,17,0,22610440,0,45176840,0,44040,33996047,gemm.openmp.c,512
gemm.openmp.papib81n49sek9rg08de,6,91688991,28727450,3908438,2820041,1071861,5703629,5695743,42989,25,0,22610440,0,45176840,0,44040,33996451,gemm.openmp.c,512
gemm.openmp.papib81n49sek9rg08de,6,91694366,28660198,3950290,2819994,1075482,5679531,5682551,43054,18,0,22610440,0,45176840,0,44040,34001985,gemm.openmp.c,512
gemm.openmp.papib81n49sek9rg08de,6,91694297,28606289,3921937,2820024,1066083,5689259,5695419,43070,13,0,22610440,0,45176840,0,44040,33996423,gemm.openmp.c,512
gemm.openmp.papib81n49sek9rg08de,6,91684888,28596589,3906869,2820091,1074692,5688721,5686703,43200,24,0,22610440,0,45176840,0,44040,33996159,gemm.openmp.c,512
gemm.openmp.papib81n49sek9rg08de,6,91684300,28640821,3958182,2819859,1070075,5674321,5680716,43140,14,0,22610440,0,45176840,0,44040,33996159,gemm.openmp.c,512
gemm.openmp.papib81n49sek9rg08de,6,91690306,28774716,3968310,2814807,1313997,5699324,5711063,43042,22,0,22610440,0,45176840,0,44040,33995984,gemm.openmp.c,512
gemm.openmp.papib81n49sek9rg08de,6,91684221,28789777,3985950,2820001,1065286,5679091,5674470,43129,19,0,22610440,0,45176840,0,44040,33996083,gemm.openmp.c,512
gemm.openmp.papib81n49sek9rg08de,6,91684221,28620800,3962307,2820010,1067777,5694089,5688250,43228,28,0,22610440,0,45176840,0,44040,33996157,gemm.openmp.c,512
gemm.openmp.papib81n49sek9rg08de,6,91692827,28678721,3967286,2820208,1070884,5695433,5699803,43202,24,0,22610440,0,45176840,0,44040,33996208,gemm.openmp.c,512
gemm.openmp.papib81n49sek9rg08de,7,78892300,24817782,3515781,2426984,905227,4892457,4892359,37176,20,0,19455496,0,38873096,0,37896,29253029,gemm.openmp.c,512
gemm.openmp.papib81n49sek9rg08de,7,78892301,24765535,3424388,2427410,911510,4901850,4898825,36963,17,0,19455496,0,38873096,0,37896,29252923,gemm.openmp.c,512
gemm.openmp.papib81n49sek9rg08de,7,78892301,25067896,3513613,2427076,912093,4892277,4900451,37055,14,0,19455496,0,38873096,0,37896,29264314,gemm.openmp.c,512
gemm.openmp.papib81n49sek9rg08de,7,78892433,25028457,3474585,2427442,914989,4891907,4895175,36931,14,0,19455496,0,38873096,0,37896,29253035,gemm.openmp.c,512
gemm.openmp.papib81n49sek9rg08de,7,78892432,25074145,3487817,2427254,911883,4892050,4899602,37197,30,0,19455496,0,38873096,0,37896,29253004,gemm.openmp.c,512
gemm.openmp.papib81n49sek9rg08de,7,78896488,24954030,3489081,2427951,929337,4895248,4893524,36994,23,0,19455496,0,38873096,0,37896,29253069,gemm.openmp.c,512
gemm.openmp.papib81n49sek9rg08de,7,78892432,25021613,3475309,2427628,920660,4903674,4902019,37148,17,0,19455496,0,38873096,0,37896,29253084,gemm.openmp.c,512
gemm.openmp.papib81n49sek9rg08de,7,78892433,24934818,3466848,2427431,917215,4900864,4907932,37015,17,0,19455496,0,38873096,0,37896,29253000,gemm.openmp.c,512
gemm.openmp.papib81n49sek9rg08de,7,78893050,25052119,3516946,2426707,1963897,4892438,4889636,37135,20,0,19455496,0,38873096,0,37896,29253072,gemm.openmp.c,512
gemm.openmp.papib81n49sek9rg08de,7,78892432,24701807,3455684,2426628,913342,4905533,4904529,37073,19,0,19455496,0,38873096,0,37896,29253108,gemm.openmp.c,512
gemm.openmp.papib81n49sek9rg08de,8,68249552,21967828,3193357,2099385,775765,4235263,4231353,32113,41,0,16826376,0,33619976,0,32776,25301207,gemm.openmp.c,512
gemm.openmp.papib81n49sek9rg08de,8,68239325,21843695,3216387,2099124,770324,4227155,4230050,32052,39,0,16826376,0,33619976,0,32776,25301491,gemm.openmp.c,512
gemm.openmp.papib81n49sek9rg08de,8,68242118,21832219,3184706,2099184,772747,4226479,4228217,32124,34,0,16826376,0,33619976,0,32776,25301686,gemm.openmp.c,512
gemm.openmp.papib81n49sek9rg08de,8,68238653,21802850,3182258,2099274,770398,4229935,4230338,32000,30,0,16826376,0,33619976,0,32776,25301245,gemm.openmp.c,512
gemm.openmp.papib81n49sek9rg08de,8,68254347,22129918,3168460,2099233,773702,4220730,4226243,32067,42,0,16826376,0,33619976,0,32776,25303711,gemm.openmp.c,512
gemm.openmp.papib81n49sek9rg08de,8,68252821,22060877,3195186,2099736,770156,4233693,4235658,31997,17,0,16826376,0,33619976,0,32776,25301854,gemm.openmp.c,512
gemm.openmp.papib81n49sek9rg08de,8,68250063,21807629,3123517,2099457,766534,4232313,4235972,32145,21,0,16826376,0,33619976,0,32776,25301314,gemm.openmp.c,512
gemm.openmp.papib81n49sek9rg08de,8,68247151,22018152,3223599,2099190,765461,4230470,4233695,32064,18,0,16826376,0,33619976,0,32776,25301835,gemm.openmp.c,512
gemm.openmp.papib81n49sek9rg08de,8,68240739,21860940,3169416,2100163,770394,4229523,4235031,32197,21,0,16826376,0,33619976,0,32776,25301506,gemm.openmp.c,512
gemm.openmp.papib81n49sek9rg08de,8,68243008,22213094,3221849,2100039,771986,4227195,4230225,32141,23,0,16826376,0,33619976,0,32776,25301209,gemm.openmp.c,512
gemm.openmp.papiezd17r8kx6cenjtg,1,69350905,22044387,2421904,2097529,587241,3949654,3954652,32896,16,0,16875528,0,33685512,0,65544,25432411,gemm.openmp.c,256
gemm.openmp.papiezd17r8kx6cenjtg,1,69350906,21995076,2380688,2096664,590230,4023248,4019673,32903,36,0,16875528,0,33685512,0,65544,25432452,gemm.openmp.c,256
gemm.openmp.papiezd17r8kx6cenjtg,1,69350906,21988450,2371985,2096654,590016,4072836,4069600,32899,14,0,16875528,0,33685512,0,65544,25432450,gemm.openmp.c,256
gemm.openmp.papiezd17r8kx6cenjtg,1,69350906,21904469,2265008,2096395,599798,3924779,3931256,32869,15,0,16875528,0,33685512,0,65544,25432451,gemm.openmp.c,256
gemm.openmp.papiezd17r8kx6cenjtg,1,69350906,22141741,2304409,2096820,598191,3934884,3937633,32921,29,0,16875528,0,33685512,0,65544,25432451,gemm.openmp.c,256
gemm.openmp.papiezd17r8kx6cenjtg,1,69350906,22400072,2463405,2096478,590826,4095190,4092215,32884,15,0,16875528,0,33685512,0,65544,25432451,gemm.openmp.c,256
gemm.openmp.papiezd17r8kx6cenjtg,1,69350905,22255188,2361371,2096807,605206,3838605,3834305,32933,29,0,16875528,0,33685512,0,65544,25432448,gemm.openmp.c,256
gemm.openmp.papiezd17r8kx6cenjtg,1,69350906,21941786,2351632,2096983,592612,3929731,3928861,32916,20,0,16875528,0,33685512,0,65544,25432419,gemm.openmp.c,256
gemm.openmp.papiezd17r8kx6cenjtg,1,69350906,22289450,2637413,2089878,793217,3858958,3858457,32914,17,0,16875528,0,33685512,0,65544,25432450,gemm.openmp.c,256
gemm.openmp.papiezd17r8kx6cenjtg,1,69350907,21878597,2264069,2096710,601149,3859536,3855331,32928,15,0,16875528,0,33685512,0,65544,25432450,gemm.openmp.c,256
gemm.openmp.papiezd17r8kx6cenjtg,2,34678546,10931393,1116557,1048406,299346,1920758,1919978,16564,35,0,8437768,0,16842760,0,32776,12717305,gemm.openmp.c,256
gemm.openmp.papiezd17r8kx6cenjtg,2,34678547,11159843,1342196,1044991,299943,1974177,1975212,16554,26,0,8437768,0,16842760,0,32776,12717305,gemm.openmp.c,256
gemm.openmp.papiezd17r8kx6cenjtg,2,34678547,11172901,1360828,1045069,880462,1959767,1968805,16549,29,0,8437768,0,16842760,0,32776,12717304,gemm.openmp.c,256
gemm.openmp.papiezd17r8kx6cenjtg,2,34678546,11173001,1341689,1048365,306112,2059891,2066412,16598,27,0,8437768,0,16842760,0,32776,12717260,gemm.openmp.c,256
gemm.openmp.papiezd17r8kx6cenjtg,2,34678546,11200460,1367896,1045249,875744,2040137,2040073,16621,27,0,8437768,0,16842760,0,32776,12717304,gemm.openmp.c,256
gemm.openmp.papiezd17r8kx6cenjtg,2,34678546,11008224,1095725,1048400,307030,1978508,1979736,16529,20,0,8437768,0,16842760,0,32776,12717304,gemm.openmp.c,256
gemm.openmp.papiezd17r8kx6cenjtg,2,34678546,11069983,1330841,1048500,298202,2061760,2057792,16491,25,0,8437768,0,16842760,0,32776,12717305,gemm.openmp.c,256
gemm.openmp.papiezd17r8kx6cenjtg,2,34678546,11012305,1179947,1048691,293183,2020796,2018650,16547,22,0,8437768,0,16842760,0,32776,12717270,gemm.openmp.c,256
gemm.openmp.papiezd17r8kx6cenjtg,2,34678547,11038983,1225118,1045000,885023,2041312,2042171,16508,28,0,8437768,0,16842760,0,32776,12717305,gemm.openmp.c,256
gemm.openmp.papiezd17r8kx6cenjtg,2,34678546,11084961,1142792,1048515,293859,1954719,1953449,16494,60,0,8437768,0,16842760,0,32776,12717305,gemm.openmp.c,256
gemm.openmp.papiezd17r8kx6cenjtg,3,23301981,7549065,798575,704359,200954,1346519,1343117,11134,16,0,5669128,0,11316232,0,22024,8545911,gemm.openmp.c,256
gemm.openmp.papiezd17r8kx6cenjtg,3,23305896,7556550,884794,704034,201779,1300628,1301893,11139,19,0,5669128,0,11316232,0,22024,8545824,gemm.openmp.c,256
gemm.openmp.papiezd17r8kx6cenjtg,3,23313645,7574720,756237,704448,201272,1291232,1292941,11140,14,0,5669128,0,11316232,0,22024,8545803,gemm.openmp.c,256
gemm.openmp.papiezd17r8kx6cenjtg,3,23311391,7521576,765145,704632,199841,1322947,1322853,11123,22,0,5669128,0,11316232,0,22024,8545305,gemm.openmp.c,256
gemm.openmp.papiezd17r8kx6cenjtg,3,23311412,7646338,871360,704767,196238,1345586,1342910,11154,16,0,5669128,0,11316232,0,22024,8545759,gemm.openmp.c,256
gemm.openmp.papiezd17r8kx6cenjtg,3,23313203,7523952,747669,704551,204127,1290647,1293017,11137,19,0,5669128,0,11316232,0,22024,8545846,gemm.openmp.c,256
gemm.openmp.papiezd17r8kx6cenjtg,3,23314576,7591266,833661,704781,198850,1364476,1366134,11164,26,0,5669128,0,11316232,0,22024,8545893,gemm.openmp.c,256
gemm.openmp.papiezd17r8kx6cenjtg,3,23313427,7584161,760932,705145,200721,1308685,1309706,11171,16,0,5669128,0,11316232,0,22024,8546004,gemm.openmp.c,256
gemm.openmp.papiezd17r8kx6cenjtg,3,23314170,7521715,798896,704587,203469,1284656,1287558,11142,21,0,5669128,0,11316232,0,22024,8545965,gemm.openmp.c,256
gemm.openmp.papiezd17r8kx6cenjtg,3,23305931,7582949,914859,702605,591676,1366519,1352444,11158,38,0,5669128,0,11316232,0,22024,8546154,gemm.openmp.c,256
gemm.openmp.papiezd17r8kx6cenjtg,4,17345353,5705311,701739,524518,141017,982630,982886,8251,17,0,4218888,0,8421384,0,16392,6360144,gemm.openmp.c,256
gemm.openmp.papiezd17r8kx6cenjtg,4,17342930,5719423,802529,524690,140116,983023,984533,8236,28,0,4218888,0,8421384,0,16392,6360335,gemm.openmp.c,256
gemm.openmp.papiezd17r8kx6cenjtg,4,17342929,5728654,793255,522677,433394,979611,979690,8265,42,0,4218888,0,8421384,0,16392,6360151,gemm.openmp.c,256
gemm.openmp.papiezd17r8kx6cenjtg,4,17345962,5717648,702734,524614,138682,1027549,1027907,8289,24,0,4218888,0,8421384,0,16392,6360078,gemm.openmp.c,256
gemm.openmp.papiezd17r8kx6cenjtg,4,17349211,5658686,622895,524780,146409,962781,963739,8275,26,0,4218888,0,8421384,0,16392,6360098,gemm.openmp.c,256
gemm.openmp.papiezd17r8kx6cenjtg,4,17346816,5619641,654526,524568,147611,977227,976815,8285,35,0,4218888,0,8421384,0,16392,6360034,gemm.openmp.c,256
gemm.openmp.papiezd17r8kx6cenjtg,4,17349077,5676133,617760,524558,147477,949695,947684,8293,19,0,4218888,0,8421384,0,16392,6360139,gemm.openmp.c,256
gemm.openmp.papiezd17r8kx6cenjtg,4,17346564,5678141,659491,524619,143697,984685,984526,8250,20,0,4218888,0,8421384,0,16392,6360286,gemm.openmp.c,256
gemm.openmp.papiezd17r8kx6cenjtg,4,17344219,5604000,677629,522831,145286,937691,936390,8265,23,0,4218888,0,8421384,0,16392,6360097,gemm.openmp.c,256
gemm.openmp.papiezd17r8kx6cenjtg,4,17343723,5638705,738810,522896,434832,1041234,1041247,8287,18,0,4218888,0,8421384,0,16392,6360202,gemm.openmp.c,256
gemm.openmp.papiezd17r8kx6cenjtg,5,14092662,4628663,627123,424896,355639,747018,747152,6818,18,0,3427848,0,6842376,0,13320,5168144,gemm.openmp.c,256
gemm.openmp.papiezd17r8kx6cenjtg,5,14092662,4646092,643768,424842,352728,777733,778183,6796,19,0,3427848,0,6842376,0,13320,5168144,gemm.openmp.c,256
gemm.openmp.papiezd17r8kx6cenjtg,5,14092662,4552022,561434,426178,117971,792922,790830,6751,21,0,3427848,0,6842376,0,13320,5168145,gemm.openmp.c,256
gemm.openmp.papiezd17r8kx6cenjtg,5,14092662,4621319,547726,426160,119404,755901,759980,6735,17,0,3427848,0,6842376,0,13320,5168144,gemm.openmp.c,256
gemm.openmp.papiezd17r8kx6cenjtg,5,14092663,4637132,630138,424891,354757,828302,829084,6773,20,0,3427848,0,6842376,0,13320,5168145,gemm.openmp.c,256
gemm.openmp.papiezd17r8kx6cenjtg,5,14092662,6099247,1017789,426867,26211,787115,786799,6637,22,0,3427848,0,6842376,0,13320,5167303,gemm.openmp.c,256
gemm.openmp.papiezd17r8kx6cenjtg,5,14092663,6103513,1033525,426857,25061,831230,832822,6676,18,0,3427848,0,6842376,0,13320,5167304,gemm.openmp.c,256
gemm.openmp.papiezd17r8kx6cenjtg,5,14092662,4569610,574956,426173,113800,748316,747993,6742,31,0,3427848,0,6842376,0,13320,5168145,gemm.openmp.c,256
gemm.openmp.papiezd17r8kx6cenjtg,5,14092663,6113251,1044304,426796,25962,833638,834899,6656,18,0,3427848,0,6842376,0,13320,5167265,gemm.openmp.c,256
gemm.openmp.papiezd17r8kx6cenjtg,5,14092663,6106603,1037875,426788,25019,835308,831315,6646,20,0,3427848,0,6842376,0,13320,5167318,gemm.openmp.c,256
gemm.openmp.papiezd17r8kx6cenjtg,6,11658504,3829513,453407,355285,96107,664103,663933,5473,20,0,2834568,0,5658120,0,11016,4274378,gemm.openmp.c,256
gemm.openmp.papiezd17r8kx6cenjtg,6,11655795,3772194,461014,352531,94265,646800,646165,5514,16,0,2834568,0,5658120,0,11016,4274257,gemm.openmp.c,256
gemm.openmp.papiezd17r8kx6cenjtg,6,11658693,3846463,473413,352598,96408,653761,653167,5498,18,0,2834568,0,5658120,0,11016,4276614,gemm.openmp.c,256
gemm.openmp.papiezd17r8kx6cenjtg,6,11657104,3786489,464969,352630,93674,679242,677006,5496,32,0,2834568,0,5658120,0,11016,4274294,gemm.openmp.c,256
gemm.openmp.papiezd17r8kx6cenjtg,6,11657013,3794246,446392,352608,95253,664655,665330,5522,24,0,2834568,0,5658120,0,11016,4274261,gemm.openmp.c,256
gemm.openmp.papiezd17r8kx6cenjtg,6,11655977,3770199,444379,352584,94802,666709,666406,5495,16,0,2834568,0,5658120,0,11016,4274609,gemm.openmp.c,256
gemm.openmp.papiezd17r8kx6cenjtg,6,11657874,3801952,440963,352546,95985,645599,645128,5495,21,0,2834568,0,5658120,0,11016,4274261,gemm.openmp.c,256
gemm.openmp.papiezd17r8kx6cenjtg,6,11656446,3804220,459665,352662,96804,673848,672933,5505,20,0,2834568,0,5658120,0,11016,4274552,gemm.openmp.c,256
gemm.openmp.papiezd17r8kx6cenjtg,6,11657062,3797259,462895,352604,94366,680800,681448,5476,29,0,2834568,0,5658120,0,11016,4274301,gemm.openmp.c,256
gemm.openmp.papiezd17r8kx6cenjtg,6,11657314,3762368,433883,352547,99385,636427,636255,5496,19,0,2834568,0,5658120,0,11016,4274261,gemm.openmp.c,256
gemm.openmp.papiezd17r8kx6cenjtg,7,10030057,3287292,400780,303379,81542,585229,585561,4698,48,0,2439048,0,4868616,0,9480,3678544,gemm.openmp.c,256
gemm.openmp.papiezd17r8kx6cenjtg,7,10030735,3290532,425897,302454,250320,581507,580113,4751,15,0,2439048,0,4868616,0,9480,3678389,gemm.openmp.c,256
gemm.openmp.papiezd17r8kx6cenjtg,7,10031504,3262976,409277,303250,81247,582493,582905,4729,27,0,2439048,0,4868616,0,9480,3678487,gemm.openmp.c,256
gemm.openmp.papiezd17r8kx6cenjtg,7,10031022,3292629,428715,302372,250978,574694,575150,4746,14,0,2439048,0,4868616,0,9480,3678417,gemm.openmp.c,256
gemm.openmp.papiezd17r8kx6cenjtg,7,10029970,3311893,444809,302370,247727,591003,591790,4731,28,0,2439048,0,4868616,0,9480,3678467,gemm.openmp.c,256
gemm.openmp.papiezd17r8kx6cenjtg,7,10030637,3290618,393156,303374,83429,592655,594268,4735,15,0,2439048,0,4868616,0,9480,3678431,gemm.openmp.c,256
gemm.openmp.papiezd17r8kx6cenjtg,7,10030175,3314691,447783,302404,246805,591214,589175,4747,17,0,2439048,0,4868616,0,9480,3678534,gemm.openmp.c,256
gemm.openmp.papiezd17r8kx6cenjtg,7,10031323,3246163,382751,303345,84199,586314,587969,4725,21,0,2439048,0,4868616,0,9480,3678618,gemm.openmp.c,256
gemm.openmp.papiezd17r8kx6cenjtg,7,10029969,3319099,468186,302501,247986,595758,589677,4715,19,0,2439048,0,4868616,0,9480,3678510,gemm.openmp.c,256
gemm.openmp.papiezd17r8kx6cenjtg,7,10029970,3244042,397432,302426,253999,588466,587408,4729,20,0,2439048,0,4868616,0,9480,3678387,gemm.openmp.c,256
gemm.openmp.papiezd17r8kx6cenjtg,8,8678263,2875158,364045,262501,68013,496795,497408,4200,19,0,2109448,0,4210696,0,8200,3182205,gemm.openmp.c,256
gemm.openmp.papiezd17r8kx6cenjtg,8,8678857,2881242,366720,262442,69079,519391,518245,4210,19,0,2109448,0,4210696,0,8200,3182061,gemm.openmp.c,256
gemm.openmp.papiezd17r8kx6cenjtg,8,8678500,2860224,367598,262448,68578,505216,505700,4217,17,0,2109448,0,4210696,0,8200,3182247,gemm.openmp.c,256
gemm.openmp.papiezd17r8kx6cenjtg,8,8676303,2873574,381836,262455,68037,515459,513608,4202,22,0,2109448,0,4210696,0,8200,3181855,gemm.openmp.c,256
gemm.openmp.papiezd17r8kx6cenjtg,8,8678719,2869926,351350,262472,70999,488987,487726,4197,21,0,2109448,0,4210696,0,8200,3182058,gemm.openmp.c,256
gemm.openmp.papiezd17r8kx6cenjtg,8,8679361,2881310,368283,262464,69428,499506,500616,4195,15,0,2109448,0,4210696,0,8200,3181847,gemm.openmp.c,256
gemm.openmp.papiezd17r8kx6cenjtg,8,8679152,2903236,364587,262435,68901,513741,514151,4211,16,0,2109448,0,4210696,0,8200,3182352,gemm.openmp.c,256
gemm.openmp.papiezd17r8kx6cenjtg,8,8677164,2853543,357967,262455,70761,485497,484848,4205,17,0,2109448,0,4210696,0,8200,3181854,gemm.openmp.c,256
gemm.openmp.papiezd17r8kx6cenjtg,8,8679725,2871806,361378,262541,69769,497556,496572,4204,19,0,2109448,0,4210696,0,8200,3181996,gemm.openmp.c,256
gemm.openmp.papiezd17r8kx6cenjtg,8,8678921,2889758,345895,262547,71981,484288,485387,4207,17,0,2109448,0,4210696,0,8200,3182346,gemm.openmp.c,256
gemm.openmp.papin8kf9o7eh0io1z66,1,8955912,2485484,9782,261405,53299,23784,24590,101,18,0,2121736,0,4227080,0,16392,3214595,gemm.openmp.c,128
gemm.openmp.papin8kf9o7eh0io1z66,1,8955911,2489524,25527,260507,259438,23211,23005,100,44,0,2121736,0,4227080,0,16392,3214594,gemm.openmp.c,128
gemm.openmp.papin8kf9o7eh0io1z66,1,8955911,2533660,30661,261433,54112,79262,77827,102,15,0,2121736,0,4227080,0,16392,3214594,gemm.openmp.c,128
gemm.openmp.papin8kf9o7eh0io1z66,1,8955911,2502130,24352,261115,54086,78862,83121,125,34,0,2121736,0,4227080,0,16392,3214594,gemm.openmp.c,128
gemm.openmp.papin8kf9o7eh0io1z66,1,8955912,2513151,55069,261459,54552,191940,193908,102,14,0,2121736,0,4227080,0,16392,3214594,gemm.openmp.c,128
gemm.openmp.papin8kf9o7eh0io1z66,1,8955912,2505780,32934,261452,53510,70634,70112,102,38,0,2121736,0,4227080,0,16392,3214594,gemm.openmp.c,128
gemm.openmp.papin8kf9o7eh0io1z66,1,8955912,2504281,52829,260509,251504,114985,114177,101,25,0,2121736,0,4227080,0,16392,3214595,gemm.openmp.c,128
gemm.openmp.papin8kf9o7eh0io1z66,1,8955912,2513862,40195,260903,54050,126526,127042,102,22,0,2121736,0,4227080,0,16392,3214594,gemm.openmp.c,128
gemm.openmp.papin8kf9o7eh0io1z66,1,8955912,2506780,50081,260380,250774,125738,125562,122,15,0,2121736,0,4227080,0,16392,3214594,gemm.openmp.c,128
gemm.openmp.papin8kf9o7eh0io1z66,1,8955911,2501833,35601,261203,54220,109801,108784,101,27,0,2121736,0,4227080,0,16392,3214594,gemm.openmp.c,128
gemm.openmp.papin8kf9o7eh0io1z66,2,4481845,1257531,18894,130215,127460,40036,39873,76,64,0,1060872,0,2113544,0,8200,1608426,gemm.openmp.c,128
gemm.openmp.papin8kf9o7eh0io1z66,2,4481201,1272767,14801,130881,27307,43034,42632,67,30,0,1060872,0,2113544,0,8200,1608359,gemm.openmp.c,128
gemm.openmp.papin8kf9o7eh0io1z66,2,4481550,1294182,19549,130294,127569,39712,40346,78,23,0,1060872,0,2113544,0,8200,1608392,gemm.openmp.c,128
gemm.openmp.papin8kf9o7eh0io1z66,2,4481739,1245736,5336,130826,28212,13490,12688,68,21,0,1060872,0,2113544,0,8200,1608434,gemm.openmp.c,128
gemm.openmp.papin8kf9o7eh0io1z66,2,4481058,1252485,6077,130854,27011,9260,9262,67,20,0,1060872,0,2113544,0,8200,1608434,gemm.openmp.c,128
gemm.openmp.papin8kf9o7eh0io1z66,2,4481417,1267223,18546,130666,27929,42122,40976,68,14,0,1060872,0,2113544,0,8200,1608430,gemm.openmp.c,128
gemm.openmp.papin8kf9o7eh0io1z66,2,4481389,1262069,20266,130290,127904,39248,40324,68,17,0,1060872,0,2113544,0,8200,1608440,gemm.openmp.c,128
gemm.openmp.papin8kf9o7eh0io1z66,2,4481481,1267003,22457,130643,28270,96552,95093,72,19,0,1060872,0,2113544,0,8200,1608440,gemm.openmp.c,128
gemm.openmp.papin8kf9o7eh0io1z66,2,4481725,1260630,16766,130346,128155,39921,39604,67,23,0,1060872,0,2113544,0,8200,1608378,gemm.openmp.c,128
gemm.openmp.papin8kf9o7eh0io1z66,2,4481838,1278393,17365,130405,128223,39378,37950,79,13,0,1060872,0,2113544,0,8200,1608450,gemm.openmp.c,128
gemm.openmp.papin8kf9o7eh0io1z66,3,3013814,871218,25873,87947,19040,48543,49903,57,11,0,712776,0,1420040,0,5512,1081495,gemm.openmp.c,128
gemm.openmp.papin8kf9o7eh0io1z66,3,3014164,854893,14925,87921,18706,48034,47436,56,22,0,712776,0,1420040,0,5512,1081562,gemm.openmp.c,128
gemm.openmp.papin8kf9o7eh0io1z66,3,3013646,857049,9582,87933,18867,27260,28004,55,22,0,712776,0,1420040,0,5512,1081545,gemm.openmp.c,128
gemm.openmp.papin8kf9o7eh0io1z66,3,3013709,858085,10709,87981,18698,29410,29864,55,23,0,712776,0,1420040,0,5512,1081592,gemm.openmp.c,128
gemm.openmp.papin8kf9o7eh0io1z66,3,3013422,857237,15221,87667,85655,28562,28664,55,29,0,712776,0,1420040,0,5512,1081570,gemm.openmp.c,128
gemm.openmp.papin8kf9o7eh0io1z66,3,3013695,855806,9653,87985,18674,29485,29887,55,16,0,712776,0,1420040,0,5512,1081578,gemm.openmp.c,128
gemm.openmp.papin8kf9o7eh0io1z66,3,3013779,859462,6648,87675,87656,10038,10027,55,41,0,712776,0,1420040,0,5512,1081580,gemm.openmp.c,128
gemm.openmp.papin8kf9o7eh0io1z66,3,3014206,862127,5688,87526,87532,8506,8569,55,30,0,712776,0,1420040,0,5512,1081578,gemm.openmp.c,128
gemm.openmp.papin8kf9o7eh0io1z66,3,3014059,890392,20706,87994,19257,47457,50900,55,18,0,712776,0,1420040,0,5512,1081543,gemm.openmp.c,128
gemm.openmp.papin8kf9o7eh0io1z66,3,3013863,853790,5304,87618,87700,8741,7904,55,17,0,712776,0,1420040,0,5512,1081610,gemm.openmp.c,128
gemm.openmp.papin8kf9o7eh0io1z66,4,2245057,657097,21292,65315,61636,48765,48924,51,19,0,530440,0,1056776,0,4104,805652,gemm.openmp.c,128
gemm.openmp.papin8kf9o7eh0io1z66,4,2246081,660464,25874,65494,14699,62683,62686,57,17,0,530440,0,1056776,0,4104,805710,gemm.openmp.c,128
gemm.openmp.papin8kf9o7eh0io1z66,4,2244861,718638,7097,65599,13934,8801,9734,50,17,0,530440,0,1056776,0,4104,805663,gemm.openmp.c,128
gemm.openmp.papin8kf9o7eh0io1z66,4,2244959,648120,9204,65583,14266,22475,22478,53,23,0,530440,0,1056776,0,4104,805698,gemm.openmp.c,128
gemm.openmp.papin8kf9o7eh0io1z66,4,2246836,646988,12911,65315,63991,21027,21122,51,14,0,530440,0,1056776,0,4104,805650,gemm.openmp.c,128
gemm.openmp.papin8kf9o7eh0io1z66,4,2244897,646807,5243,65673,14219,7795,7721,53,15,0,530440,0,1056776,0,4104,805641,gemm.openmp.c,128
gemm.openmp.papin8kf9o7eh0io1z66,4,2245457,644097,8319,65281,65107,9596,9635,51,20,0,530440,0,1056776,0,4104,805638,gemm.openmp.c,128
gemm.openmp.papin8kf9o7eh0io1z66,4,2245036,654789,6405,65249,65280,7694,7701,50,12,0,530440,0,1056776,0,4104,805694,gemm.openmp.c,128
gemm.openmp.papin8kf9o7eh0io1z66,4,2244931,644391,7483,65547,13717,8816,9820,51,20,0,530440,0,1056776,0,4104,805678,gemm.openmp.c,128
gemm.openmp.papin8kf9o7eh0io1z66,4,2244799,644734,10997,65315,64201,26153,23010,53,18,0,530440,0,1056776,0,4104,805676,gemm.openmp.c,128
gemm.openmp.papin8kf9o7eh0io1z66,5,1825396,532173,11958,53323,11868,26839,26784,49,21,0,430984,0,858632,0,3336,655215,gemm.openmp.c,128
gemm.openmp.papin8kf9o7eh0io1z66,5,1825886,531260,8029,53064,53104,8188,8073,48,22,0,430984,0,858632,0,3336,655231,gemm.openmp.c,128
gemm.openmp.papin8kf9o7eh0io1z66,5,1824925,525929,14761,53274,12011,36018,35861,48,21,0,430984,0,858632,0,3336,655232,gemm.openmp.c,128
gemm.openmp.papin8kf9o7eh0io1z66,5,1825599,529953,10762,53174,12022,18171,18266,48,16,0,430984,0,858632,0,3336,655300,gemm.openmp.c,128
gemm.openmp.papin8kf9o7eh0io1z66,5,1825579,545741,9571,53361,12100,25377,24838,49,20,0,430984,0,858632,0,3336,655267,gemm.openmp.c,128
gemm.openmp.papin8kf9o7eh0io1z66,5,1825382,535947,16756,53110,50381,36677,37671,48,43,0,430984,0,858632,0,3336,655264,gemm.openmp.c,128
gemm.openmp.papin8kf9o7eh0io1z66,5,1825705,528833,4735,53299,11737,7004,6982,48,30,0,430984,0,858632,0,3336,655244,gemm.openmp.c,128
gemm.openmp.papin8kf9o7eh0io1z66,5,1825977,533079,14317,53316,11897,35496,35826,48,16,0,430984,0,858632,0,3336,655228,gemm.openmp.c,128
gemm.openmp.papin8kf9o7eh0io1z66,5,1825907,538679,11316,53325,11683,30084,30068,50,16,0,430984,0,858632,0,3336,655219,gemm.openmp.c,128
gemm.openmp.papin8kf9o7eh0io1z66,5,1825746,529792,7726,53125,53192,8176,8211,49,17,0,430984,0,858632,0,3336,655225,gemm.openmp.c,128
gemm.openmp.papin8kf9o7eh0io1z66,6,1546390,457511,6626,45019,45148,7274,7257,46,22,0,364680,0,726536,0,2824,554984,gemm.openmp.c,128
gemm.openmp.papin8kf9o7eh0io1z66,6,1545984,461018,13126,44984,43363,22887,22942,47,20,0,364680,0,726536,0,2824,554905,gemm.openmp.c,128
gemm.openmp.papin8kf9o7eh0io1z66,6,1546061,457297,5645,45174,9933,7560,8512,73,16,0,364680,0,726536,0,2824,555038,gemm.openmp.c,128
gemm.openmp.papin8kf9o7eh0io1z66,6,1546145,457997,10140,45006,44242,15656,15869,46,17,0,364680,0,726536,0,2824,554973,gemm.openmp.c,128
gemm.openmp.papin8kf9o7eh0io1z66,6,1546215,453171,12897,44969,43219,28050,27406,47,18,0,364680,0,726536,0,2824,554987,gemm.openmp.c,128
gemm.openmp.papin8kf9o7eh0io1z66,6,1546334,450640,6202,45018,45065,7418,7351,47,13,0,364680,0,726536,0,2824,554998,gemm.openmp.c,128
gemm.openmp.papin8kf9o7eh0io1z66,6,1547174,450465,7795,45284,10187,16556,16574,46,16,0,364680,0,726536,0,2824,555030,gemm.openmp.c,128
gemm.openmp.papin8kf9o7eh0io1z66,6,1546082,451637,7526,45294,10036,17140,17047,47,13,0,364680,0,726536,0,2824,554988,gemm.openmp.c,128
gemm.openmp.papin8kf9o7eh0io1z66,6,1548091,462483,9946,45227,10291,27369,27486,46,16,0,364680,0,726536,0,2824,554907,gemm.openmp.c,128
gemm.openmp.papin8kf9o7eh0io1z66,6,1546271,460435,12909,45202,10112,31122,31427,46,27,0,364680,0,726536,0,2824,554982,gemm.openmp.c,128
gemm.openmp.papin8kf9o7eh0io1z66,7,1336740,417921,10340,39085,9133,21638,21670,45,30,0,314952,0,627464,0,2440,479763,gemm.openmp.c,128
gemm.openmp.papin8kf9o7eh0io1z66,7,1336551,403235,6119,39098,8670,7932,7912,49,22,0,314952,0,627464,0,2440,479851,gemm.openmp.c,128
gemm.openmp.papin8kf9o7eh0io1z66,7,1336915,395532,8744,39102,8593,15038,15110,44,24,0,314952,0,627464,0,2440,480027,gemm.openmp.c,128
gemm.openmp.papin8kf9o7eh0io1z66,7,1337741,396713,5705,39095,8772,8639,8688,44,37,0,314952,0,627464,0,2440,479859,gemm.openmp.c,128
gemm.openmp.papin8kf9o7eh0io1z66,7,1336621,394683,8026,39096,8917,18800,18969,47,22,0,314952,0,627464,0,2440,480039,gemm.openmp.c,128
gemm.openmp.papin8kf9o7eh0io1z66,7,1337132,402959,10057,39096,8964,27200,27096,44,38,0,314952,0,627464,0,2440,479796,gemm.openmp.c,128
gemm.openmp.papin8kf9o7eh0io1z66,7,1336684,405357,17301,39107,8658,42153,41867,44,22,0,314952,0,627464,0,2440,479865,gemm.openmp.c,128
gemm.openmp.papin8kf9o7eh0io1z66,7,1337216,436626,8200,39124,8944,15249,16459,44,22,0,314952,0,627464,0,2440,479880,gemm.openmp.c,128
gemm.openmp.papin8kf9o7eh0io1z66,7,1337587,394536,5006,39095,8813,6738,6691,49,23,0,314952,0,627464,0,2440,479765,gemm.openmp.c,128
gemm.openmp.papin8kf9o7eh0io1z66,7,1336901,404896,12222,38928,37720,23770,23818,44,25,0,314952,0,627464,0,2440,479949,gemm.openmp.c,128
gemm.openmp.papin8kf9o7eh0io1z66,8,1127451,372801,10934,33002,7436,25328,25415,43,20,0,265224,0,528392,0,2056,404746,gemm.openmp.c,128
gemm.openmp.papin8kf9o7eh0io1z66,8,1127325,346202,8257,32959,7352,14483,14307,43,19,0,265224,0,528392,0,2056,404693,gemm.openmp.c,128
gemm.openmp.papin8kf9o7eh0io1z66,8,1127423,373738,6935,32988,7522,12494,15815,43,14,0,265224,0,528392,0,2056,404720,gemm.openmp.c,128
gemm.openmp.papin8kf9o7eh0io1z66,8,1127780,351209,6843,33003,7572,6968,6973,43,44,0,265224,0,528392,0,2056,404622,gemm.openmp.c,128
gemm.openmp.papin8kf9o7eh0io1z66,8,1127634,352750,7047,33000,7399,13605,13561,41,19,0,265224,0,528392,0,2056,404767,gemm.openmp.c,128
gemm.openmp.papin8kf9o7eh0io1z66,8,1127696,322739,5493,33014,7507,6950,6880,43,20,0,265224,0,528392,0,2056,404623,gemm.openmp.c,128
gemm.openmp.papin8kf9o7eh0io1z66,8,1126898,336644,6296,33002,7578,8063,7941,43,22,0,265224,0,528392,0,2056,404728,gemm.openmp.c,128
gemm.openmp.papin8kf9o7eh0io1z66,8,1127703,350736,6131,33026,7474,7597,7426,43,17,0,265224,0,528392,0,2056,404729,gemm.openmp.c,128
gemm.openmp.papin8kf9o7eh0io1z66,8,1127983,322577,5607,33015,7547,6290,6226,43,15,0,265224,0,528392,0,2056,404622,gemm.openmp.c,128
gemm.openmp.papin8kf9o7eh0io1z66,8,1127591,322957,6411,33006,7516,7036,7077,43,19,0,265224,0,528392,0,2056,404627,gemm.openmp.c,128
