id,threads,n,instr,cyc,stall_cyc,l1d_miss,l2d_acc,l2d_miss,l3_acc,dtlb_m,itlb_m,vec_sp,vec_dp,sp_op,dp_op,fp_scl_sin,fp_scl_dbl,lst_instr
gemm.openmp.papib81n49sek9rg08de,1.0000,512.0000,"545,804,665.0000","166,447,679.3000","19,475,783.4000","16,786,125.0000","6,841,582.3000","33,611,958.6000","33,571,431.6000","233,280.5000",95.7000,0.0000,"134,610,952.0000",0.0000,"268,959,752.0000",0.0000,"262,152.0000","202,381,106.5000"
gemm.openmp.papib81n49sek9rg08de,2.0000,512.0000,"272,905,346.4000","83,235,951.0000","9,721,198.9000","8,393,102.0000","3,403,119.7000","16,852,538.9000","16,859,423.2000","129,759.6000",26.1000,0.0000,"67,305,480.0000",0.0000,"134,479,880.0000",0.0000,"131,080.0000","101,191,950.6000"
gemm.openmp.papib81n49sek9rg08de,3.0000,512.0000,"182,362,839.6000","57,755,542.1000","6,471,787.3000","5,606,705.7000","2,282,077.2000","11,265,785.1000","11,269,423.4000","86,741.8000",61.5000,0.0000,"44,957,960.0000",0.0000,"89,828,360.0000",0.0000,"87,560.0000","67,607,871.4000"
gemm.openmp.papib81n49sek9rg08de,4.0000,512.0000,"136,460,449.7000","43,103,625.4000","5,933,199.3000","4,196,882.7000","1,588,236.0000","8,438,570.0000","8,439,597.1000","63,867.0000",29.1000,0.0000,"33,652,744.0000",0.0000,"67,239,944.0000",0.0000,"65,544.0000","50,599,163.8000"
gemm.openmp.papib81n49sek9rg08de,5.0000,512.0000,"109,811,214.0000","34,520,317.6000","4,796,666.6000","3,377,471.9000","1,276,891.2000","6,812,418.0000","6,813,693.2000","51,496.6000",27.9000,0.0000,"27,079,944.0000",0.0000,"54,107,144.0000",0.0000,"52,744.0000","40,716,006.5000"
gemm.openmp.papib81n49sek9rg08de,6.0000,512.0000,"91,688,263.8000","28,687,043.7000","3,943,568.0000","2,819,517.2000","1,095,333.4000","5,690,078.4000","5,690,754.6000","43,107.2000",20.4000,0.0000,"22,610,440.0000",0.0000,"45,176,840.0000",0.0000,"44,040.0000","33,996,765.6000"
gemm.openmp.papib81n49sek9rg08de,7.0000,512.0000,"78,892,860.2000","24,941,820.2000","3,482,005.2000","2,427,251.1000","1,020,015.3000","4,896,829.8000","4,898,405.2000","37,068.7000",19.1000,0.0000,"19,455,496.0000",0.0000,"38,873,096.0000",0.0000,"37,896.0000","29,254,163.8000"
gemm.openmp.papib81n49sek9rg08de,8.0000,512.0000,"68,245,777.7000","21,953,720.2000","3,187,873.5000","2,099,478.5000","770,746.7000","4,229,275.6000","4,231,678.2000","32,090.0000",28.6000,0.0000,"16,826,376.0000",0.0000,"33,619,976.0000",0.0000,"32,776.0000","25,301,705.8000"
gemm.openmp.papiezd17r8kx6cenjtg,1.0000,256.0000,"69,350,905.9000","22,083,921.6000","2,382,188.4000","2,096,091.8000","614,848.6000","3,948,742.1000","3,948,198.3000","32,906.3000",20.6000,0.0000,"16,875,528.0000",0.0000,"33,685,512.0000",0.0000,"65,544.0000","25,432,443.3000"
gemm.openmp.papiezd17r8kx6cenjtg,2.0000,256.0000,"34,678,546.3000","11,085,205.4000","1,250,358.9000","1,047,118.6000","473,890.4000","2,001,182.5000","2,002,227.8000","16,545.5000",29.9000,0.0000,"8,437,768.0000",0.0000,"16,842,760.0000",0.0000,"32,776.0000","12,717,296.7000"
gemm.openmp.papiezd17r8kx6cenjtg,3.0000,256.0000,"23,310,563.2000","7,565,229.2000","813,212.8000","704,390.9000","239,892.7000","1,322,189.5000","1,321,257.3000","11,146.2000",20.7000,0.0000,"5,669,128.0000",0.0000,"11,316,232.0000",0.0000,"22,024.0000","8,545,846.4000"
gemm.openmp.papiezd17r8kx6cenjtg,4.0000,256.0000,"17,345,678.4000","5,674,634.2000","697,136.8000","524,075.1000","201,852.1000","982,612.6000","982,541.7000","8,269.6000",25.2000,0.0000,"4,218,888.0000",0.0000,"8,421,384.0000",0.0000,"16,392.0000","6,360,156.4000"
gemm.openmp.papiezd17r8kx6cenjtg,5.0000,256.0000,"14,092,662.4000","5,207,745.2000","771,863.8000","426,044.8000","151,655.2000","793,748.3000","793,905.7000","6,723.0000",20.4000,0.0000,"3,427,848.0000",0.0000,"6,842,376.0000",0.0000,"13,320.0000","5,167,805.7000"
gemm.openmp.papiezd17r8kx6cenjtg,6.0000,256.0000,"11,657,178.2000","3,796,490.3000","454,098.0000","352,859.5000","95,704.9000","661,194.4000","660,777.1000","5,497.0000",21.5000,0.0000,"2,834,568.0000",0.0000,"5,658,120.0000",0.0000,"11,016.0000","4,274,578.8000"
gemm.openmp.papiezd17r8kx6cenjtg,7.0000,256.0000,"10,030,536.2000","3,285,993.5000","419,878.6000","302,787.5000","182,823.2000","586,933.3000","586,401.6000","4,730.6000",22.4000,0.0000,"2,439,048.0000",0.0000,"4,868,616.0000",0.0000,"9,480.0000","3,678,478.4000"
gemm.openmp.papiezd17r8kx6cenjtg,8.0000,256.0000,"8,678,496.5000","2,875,977.7000","362,965.9000","262,476.0000","69,554.6000","500,643.6000","500,426.1000","4,204.8000",18.2000,0.0000,"2,109,448.0000",0.0000,"4,210,696.0000",0.0000,"8,200.0000","3,182,082.1000"
gemm.openmp.papin8kf9o7eh0io1z66,1.0000,128.0000,"8,955,911.6000","2,505,648.5000","35,703.1000","261,036.6000","113,954.5000","94,474.3000","94,812.8000",105.8000,25.2000,0.0000,"2,121,736.0000",0.0000,"4,227,080.0000",0.0000,"16,392.0000","3,214,594.2000"
gemm.openmp.papin8kf9o7eh0io1z66,2.0000,128.0000,"4,481,524.3000","1,265,801.9000","16,005.7000","130,542.0000","77,804.0000","40,275.3000","39,874.8000",71.0000,24.4000,0.0000,"1,060,872.0000",0.0000,"2,113,544.0000",0.0000,"8,200.0000","1,608,418.3000"
gemm.openmp.papin8kf9o7eh0io1z66,3.0000,128.0000,"3,013,835.7000","862,005.9000","12,430.9000","87,824.7000","46,178.5000","28,603.6000","29,115.8000",55.3000,22.9000,0.0000,"712,776.0000",0.0000,"1,420,040.0000",0.0000,"5,512.0000","1,081,565.3000"
gemm.openmp.papin8kf9o7eh0io1z66,4.0000,128.0000,"2,245,291.4000","656,612.5000","11,482.5000","65,437.1000","39,105.0000","22,380.5000","22,283.1000",52.0000,17.5000,0.0000,"530,440.0000",0.0000,"1,056,776.0000",0.0000,"4,104.0000","805,670.0000"
gemm.openmp.papin8kf9o7eh0io1z66,5.0000,128.0000,"1,825,610.2000","533,138.6000","10,993.1000","53,237.1000","23,999.5000","23,203.0000","23,258.0000",48.5000,22.2000,0.0000,"430,984.0000",0.0000,"858,632.0000",0.0000,"3,336.0000","655,242.5000"
gemm.openmp.papin8kf9o7eh0io1z66,6.0000,128.0000,"1,546,474.7000","456,265.4000","9,281.2000","45,117.7000","27,159.6000","18,103.2000","18,187.1000",49.1000,17.8000,0.0000,"364,680.0000",0.0000,"726,536.0000",0.0000,"2,824.0000","554,979.2000"
gemm.openmp.papin8kf9o7eh0io1z66,7.0000,128.0000,"1,337,008.8000","405,245.8000","9,172.0000","39,082.6000","11,718.4000","18,715.7000","18,828.0000",45.4000,26.5000,0.0000,"314,952.0000",0.0000,"627,464.0000",0.0000,"2,440.0000","479,879.4000"
gemm.openmp.papin8kf9o7eh0io1z66,8.0000,128.0000,"1,127,548.4000","345,235.3000","6,995.4000","33,001.5000","7,490.3000","10,881.4000","11,162.1000",42.8000,20.9000,0.0000,"265,224.0000",0.0000,"528,392.0000",0.0000,"2,056.0000","404,687.7000"
