id,OMP_NUM_THREADS,instr,cyc,stall_cyc,l1d_miss,l2d_acc,l2d_miss,l3_acc,dtlb_m,itlb_m,vec_sp,vec_dp,sp_op,dp_op,fp_scl_sin,fp_scl_dbl,lst_instr
gemm.papi5wr6390ggby4wwxb,1,68751170,20751363,2937211,2089997,1755750,4105571,4101835,28883,6,0,16875520,0,33685504,0,65536,25329783
gemm.papi5wr6390ggby4wwxb,1,68751170,20591698,2580143,2097331,751403,3902774,3907225,28300,7,0,16875520,0,33685504,0,65536,25329782
gemm.papi5wr6390ggby4wwxb,1,68751170,20971551,3158331,2090135,1756607,4197960,4198882,29914,5,0,16875520,0,33685504,0,65536,25329782
gemm.papi5wr6390ggby4wwxb,1,68751170,21051916,3247333,2090012,1766725,4110048,4117296,29424,5,0,16875520,0,33685504,0,65536,25329784
gemm.papi5wr6390ggby4wwxb,1,68751170,20375765,2392272,2097329,741372,4053125,4053512,28101,6,0,16875520,0,33685504,0,65536,25329782
gemm.papi5wr6390ggby4wwxb,1,68751170,20383568,2332328,2097267,762872,3937433,3931911,28094,4,0,16875520,0,33685504,0,65536,25329785
gemm.papi5wr6390ggby4wwxb,1,68751171,21041668,3221076,2090120,1755745,4035734,4036972,29509,7,0,16875520,0,33685504,0,65536,25329785
gemm.papi5wr6390ggby4wwxb,1,68751170,20410670,2291245,2097303,761775,3925417,3928479,28050,4,0,16875520,0,33685504,0,65536,25329786
gemm.papi5wr6390ggby4wwxb,1,68751170,20454295,2467925,2097323,742160,4055252,4054355,28141,4,0,16875520,0,33685504,0,65536,25329746
gemm.papi5wr6390ggby4wwxb,1,68751171,20963516,3077514,2097301,735051,4079647,4083489,28164,3,0,16875520,0,33685504,0,65536,25329782
gemm.papi5wr6390ggby4wwxb,2,68751171,20463338,2375781,2097288,743855,4104285,4104526,28088,6,0,16875520,0,33685504,0,65536,25329783
gemm.papi5wr6390ggby4wwxb,2,68751171,20942443,3181375,2090124,1751960,4249140,4245699,29752,3,0,16875520,0,33685504,0,65536,25329783
gemm.papi5wr6390ggby4wwxb,2,68751171,21024650,3194434,2090006,1762647,3956510,3952542,29432,3,0,16875520,0,33685504,0,65536,25329783
gemm.papi5wr6390ggby4wwxb,2,68751170,20922239,3032057,2095108,734851,4085887,4086207,28135,5,0,16875520,0,33685504,0,65536,25329784
gemm.papi5wr6390ggby4wwxb,2,68751170,21014879,3090574,2090118,1771529,3967755,3968843,26121,3,0,16875520,0,33685504,0,65536,25329783
gemm.papi5wr6390ggby4wwxb,2,68751171,20978566,3158442,2090293,1754605,4183866,4184585,29690,9,0,16875520,0,33685504,0,65536,25329785
gemm.papi5wr6390ggby4wwxb,2,68751170,20979346,3151928,2090087,1766011,3936197,3945490,29713,9,0,16875520,0,33685504,0,65536,25329785
gemm.papi5wr6390ggby4wwxb,2,68751171,20847971,2596001,2097338,764376,3864539,3863455,28034,7,0,16875520,0,33685504,0,65536,25329783
gemm.papi5wr6390ggby4wwxb,2,68751170,20556491,2579094,2097389,741114,3975303,3973884,28158,4,0,16875520,0,33685504,0,65536,25329783
gemm.papi5wr6390ggby4wwxb,2,68751171,20991040,3175411,2096864,752638,3871120,3873869,28065,4,0,16875520,0,33685504,0,65536,25329784
gemm.papi5wr6390ggby4wwxb,3,68751170,20734433,2817625,2090108,1788558,3891790,3887140,30294,7,0,16875520,0,33685504,0,65536,25329783
gemm.papi5wr6390ggby4wwxb,3,68751170,20763558,2981353,2089984,1772652,4097715,4074830,28188,3,0,16875520,0,33685504,0,65536,25329784
gemm.papi5wr6390ggby4wwxb,3,68751170,20398701,2350951,2097307,767929,3660426,3661279,27954,7,0,16875520,0,33685504,0,65536,25329782
gemm.papi5wr6390ggby4wwxb,3,68751172,20331965,2299996,2097402,762929,3911714,3910498,27891,7,0,16875520,0,33685504,0,65536,25329784
gemm.papi5wr6390ggby4wwxb,3,68751171,21132832,3367263,2090087,1119258,4111576,4118991,28045,6,0,16875520,0,33685504,0,65536,25329784
gemm.papi5wr6390ggby4wwxb,3,68751171,20715703,2844391,2097279,763756,3961483,3954317,28036,3,0,16875520,0,33685504,0,65536,25329782
gemm.papi5wr6390ggby4wwxb,3,68751171,20794723,2849812,2090113,1783673,3884190,3884242,30305,4,0,16875520,0,33685504,0,65536,25329781
gemm.papi5wr6390ggby4wwxb,3,68751170,20578454,2693504,2090034,1780523,3965253,3962342,28923,4,0,16875520,0,33685504,0,65536,25329784
gemm.papi5wr6390ggby4wwxb,3,68751170,20991378,3206078,2090098,1757014,3949165,3948213,29642,3,0,16875520,0,33685504,0,65536,25329782
gemm.papi5wr6390ggby4wwxb,3,68751171,20309761,2267788,2097325,755286,3912735,3911662,27363,5,0,16875520,0,33685504,0,65536,25329782
gemm.papi5wr6390ggby4wwxb,4,68751170,20400736,2487279,2097431,746979,4054888,4058406,28178,4,0,16875520,0,33685504,0,65536,25329784
gemm.papi5wr6390ggby4wwxb,4,68751170,20371805,2235408,2097320,775640,3750198,3750885,28058,3,0,16875520,0,33685504,0,65536,25329782
gemm.papi5wr6390ggby4wwxb,4,68751170,21093995,3289222,2090000,1752707,4024371,4031124,29712,4,0,16875520,0,33685504,0,65536,25329784
gemm.papi5wr6390ggby4wwxb,4,68751170,20778035,2916968,2089945,1781870,4047591,4049071,30161,5,0,16875520,0,33685504,0,65536,25329781
gemm.papi5wr6390ggby4wwxb,4,68751171,20473788,2375525,2097364,762335,3702457,3698872,28145,4,0,16875520,0,33685504,0,65536,25329726
gemm.papi5wr6390ggby4wwxb,4,68751170,20829121,2868867,2096622,762685,3995454,3998247,28007,7,0,16875520,0,33685504,0,65536,25329784
gemm.papi5wr6390ggby4wwxb,4,68751170,20957253,3123455,2090137,1030470,4103158,4100033,28126,8,0,16875520,0,33685504,0,65536,25329785
gemm.papi5wr6390ggby4wwxb,4,68751170,20838965,2966565,2090095,1775106,4026464,4027808,22487,5,0,16875520,0,33685504,0,65536,25329784
gemm.papi5wr6390ggby4wwxb,4,68751170,20516507,2595586,2097255,758925,3991777,3994988,28184,5,0,16875520,0,33685504,0,65536,25329784
gemm.papi5wr6390ggby4wwxb,4,68751171,20539577,2482595,2097212,749174,3951389,3949080,28193,5,0,16875520,0,33685504,0,65536,25329785
gemm.papi5wr6390ggby4wwxb,5,68751171,20487577,2464887,2097369,754578,4031310,4036580,28169,8,0,16875520,0,33685504,0,65536,25329783
gemm.papi5wr6390ggby4wwxb,5,68751170,21205503,3340779,2090321,1754247,4015461,4013507,30158,5,0,16875520,0,33685504,0,65536,25329700
gemm.papi5wr6390ggby4wwxb,5,68751170,20929059,3164973,2090111,1773983,4095078,4096673,29708,6,0,16875520,0,33685504,0,65536,25329781
gemm.papi5wr6390ggby4wwxb,5,68751170,21272332,3414486,2097245,722874,4168243,4179291,28427,3,0,16875520,0,33685504,0,65536,25329785
gemm.papi5wr6390ggby4wwxb,5,68751170,20795054,3051547,2090153,1764450,4087926,4089566,29865,6,0,16875520,0,33685504,0,65536,25329785
gemm.papi5wr6390ggby4wwxb,5,68751171,20986035,3117756,2090163,1758633,4223268,4216602,29685,5,0,16875520,0,33685504,0,65536,25329783
gemm.papi5wr6390ggby4wwxb,5,68751171,21027607,3177632,2090279,1768327,3987548,3988092,29459,2,0,16875520,0,33685504,0,65536,25329785
gemm.papi5wr6390ggby4wwxb,5,68751170,20676475,2837779,2090072,1794080,3885743,3884355,30657,3,0,16875520,0,33685504,0,65536,25329784
gemm.papi5wr6390ggby4wwxb,5,68751171,20802230,2954076,2090179,1778623,3903682,3886882,28074,4,0,16875520,0,33685504,0,65536,25329784
gemm.papi5wr6390ggby4wwxb,5,68751170,20760475,2861788,2090048,1781757,4067783,4068608,23307,3,0,16875520,0,33685504,0,65536,25329784
gemm.papi5wr6390ggby4wwxb,6,68751171,20517530,2581816,2097349,751346,3969328,3967450,27934,8,0,16875520,0,33685504,0,65536,25329784
gemm.papi5wr6390ggby4wwxb,6,68751171,20770810,2888565,2090027,1789284,3885383,3882327,28510,6,0,16875520,0,33685504,0,65536,25329680
gemm.papi5wr6390ggby4wwxb,6,68751171,20828264,2336349,2097321,763631,3947257,3950469,27981,2,0,16875520,0,33685504,0,65536,25329785
gemm.papi5wr6390ggby4wwxb,6,68751170,20340375,2310788,2097337,759406,3961714,3965081,27926,6,0,16875520,0,33685504,0,65536,25329784
gemm.papi5wr6390ggby4wwxb,6,68751170,20336747,2302427,2097314,751886,4026167,4019485,28247,3,0,16875520,0,33685504,0,65536,25329722
gemm.papi5wr6390ggby4wwxb,6,68751172,21019045,2756616,2097470,747904,3912291,3908821,28152,4,0,16875520,0,33685504,0,65536,25329784
gemm.papi5wr6390ggby4wwxb,6,68751170,20775409,2893215,2090309,1780684,4024806,4025553,30246,5,0,16875520,0,33685504,0,65536,25329783
gemm.papi5wr6390ggby4wwxb,6,68751170,21080125,3240890,2090166,1766352,3816741,3814480,30223,3,0,16875520,0,33685504,0,65536,25329783
gemm.papi5wr6390ggby4wwxb,6,68751170,20905590,3125017,2090016,1771997,4035779,4034201,29280,4,0,16875520,0,33685504,0,65536,25329782
gemm.papi5wr6390ggby4wwxb,6,68751170,20820115,2945324,2089990,1784383,3926795,3928657,29927,3,0,16875520,0,33685504,0,65536,25329785
gemm.papi5wr6390ggby4wwxb,7,68751170,20745629,2850238,2089906,1790114,3907303,3908548,30003,5,0,16875520,0,33685504,0,65536,25329785
gemm.papi5wr6390ggby4wwxb,7,68751172,20906233,3026191,2090024,1770587,4098981,4092187,30203,7,0,16875520,0,33685504,0,65536,25329784
gemm.papi5wr6390ggby4wwxb,7,68751170,21079709,3252017,2090044,1760232,3979235,3969921,30011,6,0,16875520,0,33685504,0,65536,25329784
gemm.papi5wr6390ggby4wwxb,7,68751172,20849620,2879366,2090109,1783458,4032846,4030138,29807,13,0,16875520,0,33685504,0,65536,25329782
gemm.papi5wr6390ggby4wwxb,7,68751170,21058823,2578554,2097299,746393,3959105,3958497,28194,7,0,16875520,0,33685504,0,65536,25329782
gemm.papi5wr6390ggby4wwxb,7,68751171,20574411,2597154,2097368,740413,4044330,4051508,28358,7,0,16875520,0,33685504,0,65536,25329785
gemm.papi5wr6390ggby4wwxb,7,68751171,20830012,2902171,2089965,1782272,3951184,3956680,30222,10,0,16875520,0,33685504,0,65536,25329784
gemm.papi5wr6390ggby4wwxb,7,68751171,20859823,2959682,2090101,1785543,3963175,3959920,30047,5,0,16875520,0,33685504,0,65536,25329785
gemm.papi5wr6390ggby4wwxb,7,68751171,21018996,3214957,2090298,1765272,3951005,3950211,29539,6,0,16875520,0,33685504,0,65536,25329785
gemm.papi5wr6390ggby4wwxb,7,68751172,20867805,3001641,2090023,1769127,4136872,4144470,30022,6,0,16875520,0,33685504,0,65536,25329781
gemm.papi5wr6390ggby4wwxb,8,68751170,20764153,2445765,2097423,749394,3912684,3912303,24639,6,0,16875520,0,33685504,0,65536,25329785
gemm.papi5wr6390ggby4wwxb,8,68751170,20852472,2866678,2089923,1783154,3950550,3953456,30284,2,0,16875520,0,33685504,0,65536,25329784
gemm.papi5wr6390ggby4wwxb,8,68751170,20646104,2645202,2097467,717603,4146270,4145063,28154,8,0,16875520,0,33685504,0,65536,25329785
gemm.papi5wr6390ggby4wwxb,8,68751170,20657727,2575508,2097325,740255,3893082,3889878,28086,3,0,16875520,0,33685504,0,65536,25329784
gemm.papi5wr6390ggby4wwxb,8,68751171,20968030,2585269,2097234,736104,3836660,3835863,28367,5,0,16875520,0,33685504,0,65536,25329766
gemm.papi5wr6390ggby4wwxb,8,68751171,20924434,2652027,2097336,726892,3957718,3959400,27908,3,0,16875520,0,33685504,0,65536,25329782
gemm.papi5wr6390ggby4wwxb,8,68751170,20688651,2777097,2090043,1796011,3961381,3962573,29752,3,0,16875520,0,33685504,0,65536,25329786
gemm.papi5wr6390ggby4wwxb,8,68751171,20845283,3057414,2097355,716046,4065388,4064573,28152,5,0,16875520,0,33685504,0,65536,25329781
gemm.papi5wr6390ggby4wwxb,8,68751171,21281474,3422258,2097279,725583,4205775,4211093,24521,5,0,16875520,0,33685504,0,65536,25329735
gemm.papi5wr6390ggby4wwxb,8,68751171,21147874,3341046,2090081,729246,4105850,4104445,28381,6,0,16875520,0,33685504,0,65536,25329784
