id,OMP_NUM_THREADS,exec_time
gemm.openmpf78x2dpjwkc3u6wb,1,0.180668
gemm.openmpf78x2dpjwkc3u6wb,1,0.183317
gemm.openmpf78x2dpjwkc3u6wb,1,0.183056
gemm.openmpf78x2dpjwkc3u6wb,1,0.181895
gemm.openmpf78x2dpjwkc3u6wb,1,0.182310
gemm.openmpf78x2dpjwkc3u6wb,2,0.155911
gemm.openmpf78x2dpjwkc3u6wb,2,0.157576
gemm.openmpf78x2dpjwkc3u6wb,2,0.154428
gemm.openmpf78x2dpjwkc3u6wb,2,0.152732
gemm.openmpf78x2dpjwkc3u6wb,2,0.159149
gemm.openmpf78x2dpjwkc3u6wb,3,0.105048
gemm.openmpf78x2dpjwkc3u6wb,3,0.102765
gemm.openmpf78x2dpjwkc3u6wb,3,0.102412
gemm.openmpf78x2dpjwkc3u6wb,3,0.104259
gemm.openmpf78x2dpjwkc3u6wb,3,0.103920
gemm.openmpf78x2dpjwkc3u6wb,4,0.080085
gemm.openmpf78x2dpjwkc3u6wb,4,0.079621
gemm.openmpf78x2dpjwkc3u6wb,4,0.080093
gemm.openmpf78x2dpjwkc3u6wb,4,0.079342
gemm.openmpf78x2dpjwkc3u6wb,4,0.078389
gemm.openmpf78x2dpjwkc3u6wb,5,0.062838
gemm.openmpf78x2dpjwkc3u6wb,5,0.064171
gemm.openmpf78x2dpjwkc3u6wb,5,0.062313
gemm.openmpf78x2dpjwkc3u6wb,5,0.063464
gemm.openmpf78x2dpjwkc3u6wb,5,0.063973
gemm.openmpf78x2dpjwkc3u6wb,6,0.052411
gemm.openmpf78x2dpjwkc3u6wb,6,0.052586
gemm.openmpf78x2dpjwkc3u6wb,6,0.053280
gemm.openmpf78x2dpjwkc3u6wb,6,0.052437
gemm.openmpf78x2dpjwkc3u6wb,6,0.052633
gemm.openmpf78x2dpjwkc3u6wb,7,0.045741
gemm.openmpf78x2dpjwkc3u6wb,7,0.045332
gemm.openmpf78x2dpjwkc3u6wb,7,0.046600
gemm.openmpf78x2dpjwkc3u6wb,7,0.045237
gemm.openmpf78x2dpjwkc3u6wb,7,0.044804
gemm.openmpf78x2dpjwkc3u6wb,8,0.039728
gemm.openmpf78x2dpjwkc3u6wb,8,0.039571
gemm.openmpf78x2dpjwkc3u6wb,8,0.042145
gemm.openmpf78x2dpjwkc3u6wb,8,0.039092
gemm.openmpf78x2dpjwkc3u6wb,8,0.039555
gemm.openmpf78x2dpjwkc3u6wb,9,0.035830
gemm.openmpf78x2dpjwkc3u6wb,9,0.035548
gemm.openmpf78x2dpjwkc3u6wb,9,0.035953
gemm.openmpf78x2dpjwkc3u6wb,9,0.034863
gemm.openmpf78x2dpjwkc3u6wb,9,0.035538
gemm.openmpf78x2dpjwkc3u6wb,10,0.031434
gemm.openmpf78x2dpjwkc3u6wb,10,0.032521
gemm.openmpf78x2dpjwkc3u6wb,10,0.032529
gemm.openmpf78x2dpjwkc3u6wb,10,0.032252
gemm.openmpf78x2dpjwkc3u6wb,10,0.032880
gemm.openmpf78x2dpjwkc3u6wb,11,0.029269
gemm.openmpf78x2dpjwkc3u6wb,11,0.029188
gemm.openmpf78x2dpjwkc3u6wb,11,0.029244
gemm.openmpf78x2dpjwkc3u6wb,11,0.028906
gemm.openmpf78x2dpjwkc3u6wb,11,0.029320
gemm.openmpf78x2dpjwkc3u6wb,12,0.026714
gemm.openmpf78x2dpjwkc3u6wb,12,0.027958
gemm.openmpf78x2dpjwkc3u6wb,12,0.026611
gemm.openmpf78x2dpjwkc3u6wb,12,0.026796
gemm.openmpf78x2dpjwkc3u6wb,12,0.027088
gemm.openmpf78x2dpjwkc3u6wb,13,0.025007
gemm.openmpf78x2dpjwkc3u6wb,13,0.024668
gemm.openmpf78x2dpjwkc3u6wb,13,0.025119
gemm.openmpf78x2dpjwkc3u6wb,13,0.025126
gemm.openmpf78x2dpjwkc3u6wb,13,0.024751
gemm.openmpf78x2dpjwkc3u6wb,14,0.022902
gemm.openmpf78x2dpjwkc3u6wb,14,0.022738
gemm.openmpf78x2dpjwkc3u6wb,14,0.023474
gemm.openmpf78x2dpjwkc3u6wb,14,0.023141
gemm.openmpf78x2dpjwkc3u6wb,14,0.023210
gemm.openmpf78x2dpjwkc3u6wb,15,0.021640
gemm.openmpf78x2dpjwkc3u6wb,15,0.021834
gemm.openmpf78x2dpjwkc3u6wb,15,0.022221
gemm.openmpf78x2dpjwkc3u6wb,15,0.022363
gemm.openmpf78x2dpjwkc3u6wb,15,0.022081
gemm.openmpf78x2dpjwkc3u6wb,16,0.020446
gemm.openmpf78x2dpjwkc3u6wb,16,0.021092
gemm.openmpf78x2dpjwkc3u6wb,16,0.021055
gemm.openmpf78x2dpjwkc3u6wb,16,0.020701
gemm.openmpf78x2dpjwkc3u6wb,16,0.020733
gemm.openmpf78x2dpjwkc3u6wb,17,0.020509
gemm.openmpf78x2dpjwkc3u6wb,17,0.019427
gemm.openmpf78x2dpjwkc3u6wb,17,0.019811
gemm.openmpf78x2dpjwkc3u6wb,17,0.019647
gemm.openmpf78x2dpjwkc3u6wb,17,0.019150
gemm.openmpf78x2dpjwkc3u6wb,18,0.019100
gemm.openmpf78x2dpjwkc3u6wb,18,0.018146
gemm.openmpf78x2dpjwkc3u6wb,18,0.018462
gemm.openmpf78x2dpjwkc3u6wb,18,0.018426
gemm.openmpf78x2dpjwkc3u6wb,18,0.018652
gemm.openmpf78x2dpjwkc3u6wb,19,0.018705
gemm.openmpf78x2dpjwkc3u6wb,19,0.019145
gemm.openmpf78x2dpjwkc3u6wb,19,0.018918
gemm.openmpf78x2dpjwkc3u6wb,19,0.018744
gemm.openmpf78x2dpjwkc3u6wb,19,0.018956
gemm.openmpf78x2dpjwkc3u6wb,20,0.019616
gemm.openmpf78x2dpjwkc3u6wb,20,0.019511
gemm.openmpf78x2dpjwkc3u6wb,20,0.019365
gemm.openmpf78x2dpjwkc3u6wb,20,0.019669
gemm.openmpf78x2dpjwkc3u6wb,20,0.019630
gemm.openmpf78x2dpjwkc3u6wb,21,0.018972
gemm.openmpf78x2dpjwkc3u6wb,21,0.018736
gemm.openmpf78x2dpjwkc3u6wb,21,0.018574
gemm.openmpf78x2dpjwkc3u6wb,21,0.018610
gemm.openmpf78x2dpjwkc3u6wb,21,0.018378
gemm.openmpf78x2dpjwkc3u6wb,22,0.017530
gemm.openmpf78x2dpjwkc3u6wb,22,0.017866
gemm.openmpf78x2dpjwkc3u6wb,22,0.017688
gemm.openmpf78x2dpjwkc3u6wb,22,0.017915
gemm.openmpf78x2dpjwkc3u6wb,22,0.017932
gemm.openmpf78x2dpjwkc3u6wb,23,0.017138
gemm.openmpf78x2dpjwkc3u6wb,23,0.017542
gemm.openmpf78x2dpjwkc3u6wb,23,0.017260
gemm.openmpf78x2dpjwkc3u6wb,23,0.016939
gemm.openmpf78x2dpjwkc3u6wb,23,0.017020
gemm.openmpf78x2dpjwkc3u6wb,24,0.016500
gemm.openmpf78x2dpjwkc3u6wb,24,0.016373
gemm.openmpf78x2dpjwkc3u6wb,24,0.016509
gemm.openmpf78x2dpjwkc3u6wb,24,0.016576
gemm.openmpf78x2dpjwkc3u6wb,24,0.016624
gemm.openmpf78x2dpjwkc3u6wb,25,0.016066
gemm.openmpf78x2dpjwkc3u6wb,25,0.016153
gemm.openmpf78x2dpjwkc3u6wb,25,0.015974
gemm.openmpf78x2dpjwkc3u6wb,25,0.016369
gemm.openmpf78x2dpjwkc3u6wb,25,0.016005
gemm.openmpf78x2dpjwkc3u6wb,26,0.015942
gemm.openmpf78x2dpjwkc3u6wb,26,0.015619
gemm.openmpf78x2dpjwkc3u6wb,26,0.015531
gemm.openmpf78x2dpjwkc3u6wb,26,0.015421
gemm.openmpf78x2dpjwkc3u6wb,26,0.015650
gemm.openmpf78x2dpjwkc3u6wb,27,0.015149
gemm.openmpf78x2dpjwkc3u6wb,27,0.015362
gemm.openmpf78x2dpjwkc3u6wb,27,0.015309
gemm.openmpf78x2dpjwkc3u6wb,27,0.015382
gemm.openmpf78x2dpjwkc3u6wb,27,0.015281
gemm.openmpf78x2dpjwkc3u6wb,28,0.015059
gemm.openmpf78x2dpjwkc3u6wb,28,0.014740
gemm.openmpf78x2dpjwkc3u6wb,28,0.014843
gemm.openmpf78x2dpjwkc3u6wb,28,0.014552
gemm.openmpf78x2dpjwkc3u6wb,28,0.014549
gemm.openmpf78x2dpjwkc3u6wb,29,0.014490
gemm.openmpf78x2dpjwkc3u6wb,29,0.014458
gemm.openmpf78x2dpjwkc3u6wb,29,0.014415
gemm.openmpf78x2dpjwkc3u6wb,29,0.014486
gemm.openmpf78x2dpjwkc3u6wb,29,0.014390
gemm.openmpf78x2dpjwkc3u6wb,30,0.014174
gemm.openmpf78x2dpjwkc3u6wb,30,0.014019
gemm.openmpf78x2dpjwkc3u6wb,30,0.013849
gemm.openmpf78x2dpjwkc3u6wb,30,0.014054
gemm.openmpf78x2dpjwkc3u6wb,30,0.014097
gemm.openmpf78x2dpjwkc3u6wb,31,0.013648
gemm.openmpf78x2dpjwkc3u6wb,31,0.016801
gemm.openmpf78x2dpjwkc3u6wb,31,0.013656
gemm.openmpf78x2dpjwkc3u6wb,31,0.013732
gemm.openmpf78x2dpjwkc3u6wb,31,0.013796
gemm.openmp8eqb57beg5u1azw6,1,0.002514
gemm.openmp8eqb57beg5u1azw6,1,0.002478
gemm.openmp8eqb57beg5u1azw6,1,0.002459
gemm.openmp8eqb57beg5u1azw6,1,0.002441
gemm.openmp8eqb57beg5u1azw6,1,0.002490
gemm.openmp8eqb57beg5u1azw6,2,0.002371
gemm.openmp8eqb57beg5u1azw6,2,0.002339
gemm.openmp8eqb57beg5u1azw6,2,0.002667
gemm.openmp8eqb57beg5u1azw6,2,0.002367
gemm.openmp8eqb57beg5u1azw6,2,0.002617
gemm.openmp8eqb57beg5u1azw6,3,0.001834
gemm.openmp8eqb57beg5u1azw6,3,0.001616
gemm.openmp8eqb57beg5u1azw6,3,0.001609
gemm.openmp8eqb57beg5u1azw6,3,0.001612
gemm.openmp8eqb57beg5u1azw6,3,0.001605
gemm.openmp8eqb57beg5u1azw6,4,0.001121
gemm.openmp8eqb57beg5u1azw6,4,0.001277
gemm.openmp8eqb57beg5u1azw6,4,0.001359
gemm.openmp8eqb57beg5u1azw6,4,0.001259
gemm.openmp8eqb57beg5u1azw6,4,0.001397
gemm.openmp8eqb57beg5u1azw6,5,0.001033
gemm.openmp8eqb57beg5u1azw6,5,0.000963
gemm.openmp8eqb57beg5u1azw6,5,0.001034
gemm.openmp8eqb57beg5u1azw6,5,0.000983
gemm.openmp8eqb57beg5u1azw6,5,0.001019
gemm.openmp8eqb57beg5u1azw6,6,0.000868
gemm.openmp8eqb57beg5u1azw6,6,0.000996
gemm.openmp8eqb57beg5u1azw6,6,0.000873
gemm.openmp8eqb57beg5u1azw6,6,0.000849
gemm.openmp8eqb57beg5u1azw6,6,0.001015
gemm.openmp8eqb57beg5u1azw6,7,0.000905
gemm.openmp8eqb57beg5u1azw6,7,0.000831
gemm.openmp8eqb57beg5u1azw6,7,0.000778
gemm.openmp8eqb57beg5u1azw6,7,0.000760
gemm.openmp8eqb57beg5u1azw6,7,0.000746
gemm.openmp8eqb57beg5u1azw6,8,0.000623
gemm.openmp8eqb57beg5u1azw6,8,0.000649
gemm.openmp8eqb57beg5u1azw6,8,0.000654
gemm.openmp8eqb57beg5u1azw6,8,0.000720
gemm.openmp8eqb57beg5u1azw6,8,0.000736
gemm.openmp8eqb57beg5u1azw6,9,0.000596
gemm.openmp8eqb57beg5u1azw6,9,0.000614
gemm.openmp8eqb57beg5u1azw6,9,0.000616
gemm.openmp8eqb57beg5u1azw6,9,0.000592
gemm.openmp8eqb57beg5u1azw6,9,0.000559
gemm.openmp8eqb57beg5u1azw6,10,0.000547
gemm.openmp8eqb57beg5u1azw6,10,0.000515
gemm.openmp8eqb57beg5u1azw6,10,0.000531
gemm.openmp8eqb57beg5u1azw6,10,0.000535
gemm.openmp8eqb57beg5u1azw6,10,0.000549
gemm.openmp8eqb57beg5u1azw6,11,0.000476
gemm.openmp8eqb57beg5u1azw6,11,0.000484
gemm.openmp8eqb57beg5u1azw6,11,0.000521
gemm.openmp8eqb57beg5u1azw6,11,0.000513
gemm.openmp8eqb57beg5u1azw6,11,0.000519
gemm.openmp8eqb57beg5u1azw6,12,0.000452
gemm.openmp8eqb57beg5u1azw6,12,0.000483
gemm.openmp8eqb57beg5u1azw6,12,0.000458
gemm.openmp8eqb57beg5u1azw6,12,0.000458
gemm.openmp8eqb57beg5u1azw6,12,0.000472
gemm.openmp8eqb57beg5u1azw6,13,0.000422
gemm.openmp8eqb57beg5u1azw6,13,0.000457
gemm.openmp8eqb57beg5u1azw6,13,0.000453
gemm.openmp8eqb57beg5u1azw6,13,0.000421
gemm.openmp8eqb57beg5u1azw6,13,0.000471
gemm.openmp8eqb57beg5u1azw6,14,0.000396
gemm.openmp8eqb57beg5u1azw6,14,0.000389
gemm.openmp8eqb57beg5u1azw6,14,0.000379
gemm.openmp8eqb57beg5u1azw6,14,0.000382
gemm.openmp8eqb57beg5u1azw6,14,0.000391
gemm.openmp8eqb57beg5u1azw6,15,0.000384
gemm.openmp8eqb57beg5u1azw6,15,0.000409
gemm.openmp8eqb57beg5u1azw6,15,0.000370
gemm.openmp8eqb57beg5u1azw6,15,0.000379
gemm.openmp8eqb57beg5u1azw6,15,0.000351
gemm.openmp8eqb57beg5u1azw6,16,0.000386
gemm.openmp8eqb57beg5u1azw6,16,0.000351
gemm.openmp8eqb57beg5u1azw6,16,0.000385
gemm.openmp8eqb57beg5u1azw6,16,0.000350
gemm.openmp8eqb57beg5u1azw6,16,0.000386
gemm.openmp8eqb57beg5u1azw6,17,0.000362
gemm.openmp8eqb57beg5u1azw6,17,0.000365
gemm.openmp8eqb57beg5u1azw6,17,0.000342
gemm.openmp8eqb57beg5u1azw6,17,0.000345
gemm.openmp8eqb57beg5u1azw6,17,0.000342
gemm.openmp8eqb57beg5u1azw6,18,0.000318
gemm.openmp8eqb57beg5u1azw6,18,0.000356
gemm.openmp8eqb57beg5u1azw6,18,0.000331
gemm.openmp8eqb57beg5u1azw6,18,0.000342
gemm.openmp8eqb57beg5u1azw6,18,0.000341
gemm.openmp8eqb57beg5u1azw6,19,0.000336
gemm.openmp8eqb57beg5u1azw6,19,0.000330
gemm.openmp8eqb57beg5u1azw6,19,0.000339
gemm.openmp8eqb57beg5u1azw6,19,0.000327
gemm.openmp8eqb57beg5u1azw6,19,0.000314
gemm.openmp8eqb57beg5u1azw6,20,0.000323
gemm.openmp8eqb57beg5u1azw6,20,0.000325
gemm.openmp8eqb57beg5u1azw6,20,0.000328
gemm.openmp8eqb57beg5u1azw6,20,0.000325
gemm.openmp8eqb57beg5u1azw6,20,0.000325
gemm.openmp8eqb57beg5u1azw6,21,0.000324
gemm.openmp8eqb57beg5u1azw6,21,0.000325
gemm.openmp8eqb57beg5u1azw6,21,0.000332
gemm.openmp8eqb57beg5u1azw6,21,0.000320
gemm.openmp8eqb57beg5u1azw6,21,0.000325
gemm.openmp8eqb57beg5u1azw6,22,0.000300
gemm.openmp8eqb57beg5u1azw6,22,0.000297
gemm.openmp8eqb57beg5u1azw6,22,0.000299
gemm.openmp8eqb57beg5u1azw6,22,0.000299
gemm.openmp8eqb57beg5u1azw6,22,0.000300
gemm.openmp8eqb57beg5u1azw6,23,0.000296
gemm.openmp8eqb57beg5u1azw6,23,0.000298
gemm.openmp8eqb57beg5u1azw6,23,0.000297
gemm.openmp8eqb57beg5u1azw6,23,0.000301
gemm.openmp8eqb57beg5u1azw6,23,0.000301
gemm.openmp8eqb57beg5u1azw6,24,0.000274
gemm.openmp8eqb57beg5u1azw6,24,0.000272
gemm.openmp8eqb57beg5u1azw6,24,0.000269
gemm.openmp8eqb57beg5u1azw6,24,0.000278
gemm.openmp8eqb57beg5u1azw6,24,0.000272
gemm.openmp8eqb57beg5u1azw6,25,0.000275
gemm.openmp8eqb57beg5u1azw6,25,0.000277
gemm.openmp8eqb57beg5u1azw6,25,0.000275
gemm.openmp8eqb57beg5u1azw6,25,0.000277
gemm.openmp8eqb57beg5u1azw6,25,0.000260
gemm.openmp8eqb57beg5u1azw6,26,0.000275
gemm.openmp8eqb57beg5u1azw6,26,0.000277
gemm.openmp8eqb57beg5u1azw6,26,0.000274
gemm.openmp8eqb57beg5u1azw6,26,0.000275
gemm.openmp8eqb57beg5u1azw6,26,0.000275
gemm.openmp8eqb57beg5u1azw6,27,0.000250
gemm.openmp8eqb57beg5u1azw6,27,0.000246
gemm.openmp8eqb57beg5u1azw6,27,0.000250
gemm.openmp8eqb57beg5u1azw6,27,0.000242
gemm.openmp8eqb57beg5u1azw6,27,0.000254
gemm.openmp8eqb57beg5u1azw6,28,0.000249
gemm.openmp8eqb57beg5u1azw6,28,0.000247
gemm.openmp8eqb57beg5u1azw6,28,0.000246
gemm.openmp8eqb57beg5u1azw6,28,0.000249
gemm.openmp8eqb57beg5u1azw6,28,0.000253
gemm.openmp8eqb57beg5u1azw6,29,0.000247
gemm.openmp8eqb57beg5u1azw6,29,0.000243
gemm.openmp8eqb57beg5u1azw6,29,0.000250
gemm.openmp8eqb57beg5u1azw6,29,0.000247
gemm.openmp8eqb57beg5u1azw6,29,0.000251
gemm.openmp8eqb57beg5u1azw6,30,0.000216
gemm.openmp8eqb57beg5u1azw6,30,0.000226
gemm.openmp8eqb57beg5u1azw6,30,0.000226
gemm.openmp8eqb57beg5u1azw6,30,0.000225
gemm.openmp8eqb57beg5u1azw6,30,0.000237
gemm.openmp8eqb57beg5u1azw6,31,0.000228
gemm.openmp8eqb57beg5u1azw6,31,0.000231
gemm.openmp8eqb57beg5u1azw6,31,0.000229
gemm.openmp8eqb57beg5u1azw6,31,0.000226
gemm.openmp8eqb57beg5u1azw6,31,0.000229
gemm.openmp85fj8tba2fygh27n,1,0.000004
gemm.openmp85fj8tba2fygh27n,1,0.000005
gemm.openmp85fj8tba2fygh27n,1,0.000005
gemm.openmp85fj8tba2fygh27n,1,0.000004
gemm.openmp85fj8tba2fygh27n,1,0.000004
gemm.openmp85fj8tba2fygh27n,2,0.000005
gemm.openmp85fj8tba2fygh27n,2,0.000005
gemm.openmp85fj8tba2fygh27n,2,0.000006
gemm.openmp85fj8tba2fygh27n,2,0.000006
gemm.openmp85fj8tba2fygh27n,2,0.000006
gemm.openmp85fj8tba2fygh27n,3,0.000005
gemm.openmp85fj8tba2fygh27n,3,0.000006
gemm.openmp85fj8tba2fygh27n,3,0.000005
gemm.openmp85fj8tba2fygh27n,3,0.000005
gemm.openmp85fj8tba2fygh27n,3,0.000005
gemm.openmp85fj8tba2fygh27n,4,0.000005
gemm.openmp85fj8tba2fygh27n,4,0.000005
gemm.openmp85fj8tba2fygh27n,4,0.000006
gemm.openmp85fj8tba2fygh27n,4,0.000005
gemm.openmp85fj8tba2fygh27n,4,0.000005
gemm.openmp85fj8tba2fygh27n,5,0.000008
gemm.openmp85fj8tba2fygh27n,5,0.000005
gemm.openmp85fj8tba2fygh27n,5,0.000006
gemm.openmp85fj8tba2fygh27n,5,0.000005
gemm.openmp85fj8tba2fygh27n,5,0.000005
gemm.openmp85fj8tba2fygh27n,6,0.000005
gemm.openmp85fj8tba2fygh27n,6,0.000006
gemm.openmp85fj8tba2fygh27n,6,0.000005
gemm.openmp85fj8tba2fygh27n,6,0.000005
gemm.openmp85fj8tba2fygh27n,6,0.000005
gemm.openmp85fj8tba2fygh27n,7,0.000005
gemm.openmp85fj8tba2fygh27n,7,0.000005
gemm.openmp85fj8tba2fygh27n,7,0.000006
gemm.openmp85fj8tba2fygh27n,7,0.000005
gemm.openmp85fj8tba2fygh27n,7,0.000005
gemm.openmp85fj8tba2fygh27n,8,0.000006
gemm.openmp85fj8tba2fygh27n,8,0.000006
gemm.openmp85fj8tba2fygh27n,8,0.000006
gemm.openmp85fj8tba2fygh27n,8,0.000005
gemm.openmp85fj8tba2fygh27n,8,0.000006
gemm.openmp85fj8tba2fygh27n,9,0.000006
gemm.openmp85fj8tba2fygh27n,9,0.000005
gemm.openmp85fj8tba2fygh27n,9,0.000005
gemm.openmp85fj8tba2fygh27n,9,0.000011
gemm.openmp85fj8tba2fygh27n,9,0.000006
gemm.openmp85fj8tba2fygh27n,10,0.000006
gemm.openmp85fj8tba2fygh27n,10,0.000006
gemm.openmp85fj8tba2fygh27n,10,0.000006
gemm.openmp85fj8tba2fygh27n,10,0.000006
gemm.openmp85fj8tba2fygh27n,10,0.000006
gemm.openmp85fj8tba2fygh27n,11,0.000006
gemm.openmp85fj8tba2fygh27n,11,0.000005
gemm.openmp85fj8tba2fygh27n,11,0.000006
gemm.openmp85fj8tba2fygh27n,11,0.000006
gemm.openmp85fj8tba2fygh27n,11,0.000006
gemm.openmp85fj8tba2fygh27n,12,0.000006
gemm.openmp85fj8tba2fygh27n,12,0.000006
gemm.openmp85fj8tba2fygh27n,12,0.000006
gemm.openmp85fj8tba2fygh27n,12,0.000006
gemm.openmp85fj8tba2fygh27n,12,0.000007
gemm.openmp85fj8tba2fygh27n,13,0.000006
gemm.openmp85fj8tba2fygh27n,13,0.000007
gemm.openmp85fj8tba2fygh27n,13,0.000006
gemm.openmp85fj8tba2fygh27n,13,0.000006
gemm.openmp85fj8tba2fygh27n,13,0.000006
gemm.openmp85fj8tba2fygh27n,14,0.000006
gemm.openmp85fj8tba2fygh27n,14,0.000006
gemm.openmp85fj8tba2fygh27n,14,0.000007
gemm.openmp85fj8tba2fygh27n,14,0.000006
gemm.openmp85fj8tba2fygh27n,14,0.000006
gemm.openmp85fj8tba2fygh27n,15,0.000006
gemm.openmp85fj8tba2fygh27n,15,0.000006
gemm.openmp85fj8tba2fygh27n,15,0.000007
gemm.openmp85fj8tba2fygh27n,15,0.000006
gemm.openmp85fj8tba2fygh27n,15,0.000006
gemm.openmp85fj8tba2fygh27n,16,0.000007
gemm.openmp85fj8tba2fygh27n,16,0.000007
gemm.openmp85fj8tba2fygh27n,16,0.000006
gemm.openmp85fj8tba2fygh27n,16,0.000006
gemm.openmp85fj8tba2fygh27n,16,0.000006
gemm.openmp85fj8tba2fygh27n,17,0.000006
gemm.openmp85fj8tba2fygh27n,17,0.000007
gemm.openmp85fj8tba2fygh27n,17,0.000006
gemm.openmp85fj8tba2fygh27n,17,0.000006
gemm.openmp85fj8tba2fygh27n,17,0.000007
gemm.openmp85fj8tba2fygh27n,18,0.000007
gemm.openmp85fj8tba2fygh27n,18,0.000006
gemm.openmp85fj8tba2fygh27n,18,0.000006
gemm.openmp85fj8tba2fygh27n,18,0.000007
gemm.openmp85fj8tba2fygh27n,18,0.000006
gemm.openmp85fj8tba2fygh27n,19,0.000007
gemm.openmp85fj8tba2fygh27n,19,0.000006
gemm.openmp85fj8tba2fygh27n,19,0.000006
gemm.openmp85fj8tba2fygh27n,19,0.000007
gemm.openmp85fj8tba2fygh27n,19,0.000007
gemm.openmp85fj8tba2fygh27n,20,0.000006
gemm.openmp85fj8tba2fygh27n,20,0.000006
gemm.openmp85fj8tba2fygh27n,20,0.000006
gemm.openmp85fj8tba2fygh27n,20,0.000006
gemm.openmp85fj8tba2fygh27n,20,0.000007
gemm.openmp85fj8tba2fygh27n,21,0.000011
gemm.openmp85fj8tba2fygh27n,21,0.000007
gemm.openmp85fj8tba2fygh27n,21,0.000007
gemm.openmp85fj8tba2fygh27n,21,0.000006
gemm.openmp85fj8tba2fygh27n,21,0.000007
gemm.openmp85fj8tba2fygh27n,22,0.000007
gemm.openmp85fj8tba2fygh27n,22,0.000007
gemm.openmp85fj8tba2fygh27n,22,0.000006
gemm.openmp85fj8tba2fygh27n,22,0.000006
gemm.openmp85fj8tba2fygh27n,22,0.000007
gemm.openmp85fj8tba2fygh27n,23,0.000007
gemm.openmp85fj8tba2fygh27n,23,0.000007
gemm.openmp85fj8tba2fygh27n,23,0.000007
gemm.openmp85fj8tba2fygh27n,23,0.000007
gemm.openmp85fj8tba2fygh27n,23,0.000007
gemm.openmp85fj8tba2fygh27n,24,0.000007
gemm.openmp85fj8tba2fygh27n,24,0.000006
gemm.openmp85fj8tba2fygh27n,24,0.000007
gemm.openmp85fj8tba2fygh27n,24,0.000007
gemm.openmp85fj8tba2fygh27n,24,0.008306
gemm.openmp85fj8tba2fygh27n,25,0.000033
gemm.openmp85fj8tba2fygh27n,25,0.000007
gemm.openmp85fj8tba2fygh27n,25,0.000007
gemm.openmp85fj8tba2fygh27n,25,0.000008
gemm.openmp85fj8tba2fygh27n,25,0.000007
gemm.openmp85fj8tba2fygh27n,26,0.000006
gemm.openmp85fj8tba2fygh27n,26,0.000007
gemm.openmp85fj8tba2fygh27n,26,0.000007
gemm.openmp85fj8tba2fygh27n,26,0.000007
gemm.openmp85fj8tba2fygh27n,26,0.000006
gemm.openmp85fj8tba2fygh27n,27,0.000007
gemm.openmp85fj8tba2fygh27n,27,0.000007
gemm.openmp85fj8tba2fygh27n,27,0.000007
gemm.openmp85fj8tba2fygh27n,27,0.000008
gemm.openmp85fj8tba2fygh27n,27,0.000007
gemm.openmp85fj8tba2fygh27n,28,0.000007
gemm.openmp85fj8tba2fygh27n,28,0.000007
gemm.openmp85fj8tba2fygh27n,28,0.000007
gemm.openmp85fj8tba2fygh27n,28,0.000008
gemm.openmp85fj8tba2fygh27n,28,0.000006
gemm.openmp85fj8tba2fygh27n,29,0.000007
gemm.openmp85fj8tba2fygh27n,29,0.000007
gemm.openmp85fj8tba2fygh27n,29,0.000007
gemm.openmp85fj8tba2fygh27n,29,0.000007
gemm.openmp85fj8tba2fygh27n,29,0.000010
gemm.openmp85fj8tba2fygh27n,30,0.000007
gemm.openmp85fj8tba2fygh27n,30,0.000007
gemm.openmp85fj8tba2fygh27n,30,0.000007
gemm.openmp85fj8tba2fygh27n,30,0.000007
gemm.openmp85fj8tba2fygh27n,30,0.000007
gemm.openmp85fj8tba2fygh27n,31,0.000007
gemm.openmp85fj8tba2fygh27n,31,0.000007
gemm.openmp85fj8tba2fygh27n,31,0.000007
gemm.openmp85fj8tba2fygh27n,31,0.000008
gemm.openmp85fj8tba2fygh27n,31,0.000008
gemm.openmp2au7ihkhmesd691o,1,0.022202
gemm.openmp2au7ihkhmesd691o,1,0.021372
gemm.openmp2au7ihkhmesd691o,1,0.021075
gemm.openmp2au7ihkhmesd691o,1,0.021370
gemm.openmp2au7ihkhmesd691o,1,0.021529
gemm.openmp2au7ihkhmesd691o,2,0.019596
gemm.openmp2au7ihkhmesd691o,2,0.019511
gemm.openmp2au7ihkhmesd691o,2,0.020112
gemm.openmp2au7ihkhmesd691o,2,0.019308
gemm.openmp2au7ihkhmesd691o,2,0.019301
gemm.openmp2au7ihkhmesd691o,3,0.013223
gemm.openmp2au7ihkhmesd691o,3,0.012956
gemm.openmp2au7ihkhmesd691o,3,0.012868
gemm.openmp2au7ihkhmesd691o,3,0.012788
gemm.openmp2au7ihkhmesd691o,3,0.012983
gemm.openmp2au7ihkhmesd691o,4,0.009689
gemm.openmp2au7ihkhmesd691o,4,0.010071
gemm.openmp2au7ihkhmesd691o,4,0.009778
gemm.openmp2au7ihkhmesd691o,4,0.009770
gemm.openmp2au7ihkhmesd691o,4,0.009646
gemm.openmp2au7ihkhmesd691o,5,0.008155
gemm.openmp2au7ihkhmesd691o,5,0.008145
gemm.openmp2au7ihkhmesd691o,5,0.007758
gemm.openmp2au7ihkhmesd691o,5,0.008065
gemm.openmp2au7ihkhmesd691o,5,0.007726
gemm.openmp2au7ihkhmesd691o,6,0.006856
gemm.openmp2au7ihkhmesd691o,6,0.006518
gemm.openmp2au7ihkhmesd691o,6,0.006699
gemm.openmp2au7ihkhmesd691o,6,0.006871
gemm.openmp2au7ihkhmesd691o,6,0.007073
gemm.openmp2au7ihkhmesd691o,7,0.005871
gemm.openmp2au7ihkhmesd691o,7,0.005964
gemm.openmp2au7ihkhmesd691o,7,0.005713
gemm.openmp2au7ihkhmesd691o,7,0.005711
gemm.openmp2au7ihkhmesd691o,7,0.006126
gemm.openmp2au7ihkhmesd691o,8,0.004948
gemm.openmp2au7ihkhmesd691o,8,0.005139
gemm.openmp2au7ihkhmesd691o,8,0.005264
gemm.openmp2au7ihkhmesd691o,8,0.005192
gemm.openmp2au7ihkhmesd691o,8,0.005180
gemm.openmp2au7ihkhmesd691o,9,0.004560
gemm.openmp2au7ihkhmesd691o,9,0.004683
gemm.openmp2au7ihkhmesd691o,9,0.004776
gemm.openmp2au7ihkhmesd691o,9,0.004592
gemm.openmp2au7ihkhmesd691o,9,0.004509
gemm.openmp2au7ihkhmesd691o,10,0.004023
gemm.openmp2au7ihkhmesd691o,10,0.004374
gemm.openmp2au7ihkhmesd691o,10,0.004055
gemm.openmp2au7ihkhmesd691o,10,0.003993
gemm.openmp2au7ihkhmesd691o,10,0.004035
gemm.openmp2au7ihkhmesd691o,11,0.003720
gemm.openmp2au7ihkhmesd691o,11,0.004119
gemm.openmp2au7ihkhmesd691o,11,0.003676
gemm.openmp2au7ihkhmesd691o,11,0.003599
gemm.openmp2au7ihkhmesd691o,11,0.003636
gemm.openmp2au7ihkhmesd691o,12,0.003783
gemm.openmp2au7ihkhmesd691o,12,0.003529
gemm.openmp2au7ihkhmesd691o,12,0.003499
gemm.openmp2au7ihkhmesd691o,12,0.003457
gemm.openmp2au7ihkhmesd691o,12,0.003347
gemm.openmp2au7ihkhmesd691o,13,0.003451
gemm.openmp2au7ihkhmesd691o,13,0.003210
gemm.openmp2au7ihkhmesd691o,13,0.003179
gemm.openmp2au7ihkhmesd691o,13,0.003147
gemm.openmp2au7ihkhmesd691o,13,0.003304
gemm.openmp2au7ihkhmesd691o,14,0.003023
gemm.openmp2au7ihkhmesd691o,14,0.003081
gemm.openmp2au7ihkhmesd691o,14,0.003125
gemm.openmp2au7ihkhmesd691o,14,0.003148
gemm.openmp2au7ihkhmesd691o,14,0.003097
gemm.openmp2au7ihkhmesd691o,15,0.002792
gemm.openmp2au7ihkhmesd691o,15,0.002893
gemm.openmp2au7ihkhmesd691o,15,0.002767
gemm.openmp2au7ihkhmesd691o,15,0.002804
gemm.openmp2au7ihkhmesd691o,15,0.002913
gemm.openmp2au7ihkhmesd691o,16,0.002663
gemm.openmp2au7ihkhmesd691o,16,0.002669
gemm.openmp2au7ihkhmesd691o,16,0.002695
gemm.openmp2au7ihkhmesd691o,16,0.002540
gemm.openmp2au7ihkhmesd691o,16,0.002973
gemm.openmp2au7ihkhmesd691o,17,0.002569
gemm.openmp2au7ihkhmesd691o,17,0.002787
gemm.openmp2au7ihkhmesd691o,17,0.002393
gemm.openmp2au7ihkhmesd691o,17,0.002377
gemm.openmp2au7ihkhmesd691o,17,0.002728
gemm.openmp2au7ihkhmesd691o,18,0.002322
gemm.openmp2au7ihkhmesd691o,18,0.002286
gemm.openmp2au7ihkhmesd691o,18,0.002410
gemm.openmp2au7ihkhmesd691o,18,0.002343
gemm.openmp2au7ihkhmesd691o,18,0.002265
gemm.openmp2au7ihkhmesd691o,19,0.002385
gemm.openmp2au7ihkhmesd691o,19,0.002381
gemm.openmp2au7ihkhmesd691o,19,0.002366
gemm.openmp2au7ihkhmesd691o,19,0.002391
gemm.openmp2au7ihkhmesd691o,19,0.002453
gemm.openmp2au7ihkhmesd691o,20,0.002423
gemm.openmp2au7ihkhmesd691o,20,0.002491
gemm.openmp2au7ihkhmesd691o,20,0.002400
gemm.openmp2au7ihkhmesd691o,20,0.002414
gemm.openmp2au7ihkhmesd691o,20,0.002418
gemm.openmp2au7ihkhmesd691o,21,0.002336
gemm.openmp2au7ihkhmesd691o,21,0.002351
gemm.openmp2au7ihkhmesd691o,21,0.002351
gemm.openmp2au7ihkhmesd691o,21,0.002346
gemm.openmp2au7ihkhmesd691o,21,0.002322
gemm.openmp2au7ihkhmesd691o,22,0.002225
gemm.openmp2au7ihkhmesd691o,22,0.002204
gemm.openmp2au7ihkhmesd691o,22,0.002215
gemm.openmp2au7ihkhmesd691o,22,0.002241
gemm.openmp2au7ihkhmesd691o,22,0.002226
gemm.openmp2au7ihkhmesd691o,23,0.002117
gemm.openmp2au7ihkhmesd691o,23,0.002148
gemm.openmp2au7ihkhmesd691o,23,0.002125
gemm.openmp2au7ihkhmesd691o,23,0.002120
gemm.openmp2au7ihkhmesd691o,23,0.002111
gemm.openmp2au7ihkhmesd691o,24,0.002034
gemm.openmp2au7ihkhmesd691o,24,0.002024
gemm.openmp2au7ihkhmesd691o,24,0.002046
gemm.openmp2au7ihkhmesd691o,24,0.002021
gemm.openmp2au7ihkhmesd691o,24,0.002062
gemm.openmp2au7ihkhmesd691o,25,0.001988
gemm.openmp2au7ihkhmesd691o,25,0.001944
gemm.openmp2au7ihkhmesd691o,25,0.001972
gemm.openmp2au7ihkhmesd691o,25,0.001970
gemm.openmp2au7ihkhmesd691o,25,0.002002
gemm.openmp2au7ihkhmesd691o,26,0.001900
gemm.openmp2au7ihkhmesd691o,26,0.001917
gemm.openmp2au7ihkhmesd691o,26,0.001945
gemm.openmp2au7ihkhmesd691o,26,0.001938
gemm.openmp2au7ihkhmesd691o,26,0.001930
gemm.openmp2au7ihkhmesd691o,27,0.001852
gemm.openmp2au7ihkhmesd691o,27,0.001840
gemm.openmp2au7ihkhmesd691o,27,0.001892
gemm.openmp2au7ihkhmesd691o,27,0.001858
gemm.openmp2au7ihkhmesd691o,27,0.001854
gemm.openmp2au7ihkhmesd691o,28,0.001753
gemm.openmp2au7ihkhmesd691o,28,0.001811
gemm.openmp2au7ihkhmesd691o,28,0.001843
gemm.openmp2au7ihkhmesd691o,28,0.001832
gemm.openmp2au7ihkhmesd691o,28,0.001828
gemm.openmp2au7ihkhmesd691o,29,0.001795
gemm.openmp2au7ihkhmesd691o,29,0.001826
gemm.openmp2au7ihkhmesd691o,29,0.001790
gemm.openmp2au7ihkhmesd691o,29,0.001837
gemm.openmp2au7ihkhmesd691o,29,0.001777
gemm.openmp2au7ihkhmesd691o,30,0.001729
gemm.openmp2au7ihkhmesd691o,30,0.001765
gemm.openmp2au7ihkhmesd691o,30,0.001721
gemm.openmp2au7ihkhmesd691o,30,0.001755
gemm.openmp2au7ihkhmesd691o,30,0.001740
gemm.openmp2au7ihkhmesd691o,31,0.001638
gemm.openmp2au7ihkhmesd691o,31,0.001710
gemm.openmp2au7ihkhmesd691o,31,0.001661
gemm.openmp2au7ihkhmesd691o,31,0.001677
gemm.openmp2au7ihkhmesd691o,31,0.001645
